Year,Series,Value
2000,"Completion rate, by sex, location, wealth quintile and education level (%) - BOTHSEX",16.18
2000,"Completion rate, by sex, location, wealth quintile and education level (%) - BOTHSEX",63.01
2000,"Completion rate, by sex, location, wealth quintile and education level (%) - BOTHSEX",27.82
2000,"Completion rate, by sex, location, wealth quintile and education level (%) - BOTHSEX",23.51
2000,"Completion rate, by sex, location, wealth quintile and education level (%) - BOTHSEX",5.31
2000,"Completion rate, by sex, location, wealth quintile and education level (%) - BOTHSEX",3.6
2000,"Completion rate, by sex, location, wealth quintile and education level (%) - BOTHSEX",0.78
2000,"Completion rate, by sex, location, wealth quintile and education level (%) - BOTHSEX",14.73
2000,"Completion rate, by sex, location, wealth quintile and education level (%) - BOTHSEX",11.06
2000,"Completion rate, by sex, location, wealth quintile and education level (%) - BOTHSEX",2.61
2000,"Completion rate, by sex, location, wealth quintile and education level (%) - BOTHSEX",1.29
2000,"Completion rate, by sex, location, wealth quintile and education level (%) - BOTHSEX",42.95
2000,"Completion rate, by sex, location, wealth quintile and education level (%) - BOTHSEX",15.01
2000,"Completion rate, by sex, location, wealth quintile and education level (%) - BOTHSEX",4.52
2000,"Completion rate, by sex, location, wealth quintile and education level (%) - BOTHSEX",0.49
2000,"Completion rate, by sex, location, wealth quintile and education level (%) - BOTHSEX",12.25
2000,"Completion rate, by sex, location, wealth quintile and education level (%) - BOTHSEX",3.44
2000,"Completion rate, by sex, location, wealth quintile and education level (%) - BOTHSEX",1.15
2000,"Completion rate, by sex, location, wealth quintile and education level (%) - BOTHSEX",13.09
2000,"Completion rate, by sex, location, wealth quintile and education level (%) - BOTHSEX",5.94
2000,"Completion rate, by sex, location, wealth quintile and education level (%) - BOTHSEX",32.79
2000,"Completion rate, by sex, location, wealth quintile and education level (%) - BOTHSEX",22.37
2000,"Completion rate, by sex, location, wealth quintile and education level (%) - BOTHSEX",54.08
2000,"Completion rate, by sex, location, wealth quintile and education level (%) - BOTHSEX",11.1
2002,"Completion rate, by sex, location, wealth quintile and education level (%) - BOTHSEX",14.1689
2002,"Completion rate, by sex, location, wealth quintile and education level (%) - BOTHSEX",52.7382
2002,"Completion rate, by sex, location, wealth quintile and education level (%) - BOTHSEX",14.1872
2002,"Completion rate, by sex, location, wealth quintile and education level (%) - BOTHSEX",17.4695
2002,"Completion rate, by sex, location, wealth quintile and education level (%) - BOTHSEX",3.0169
2002,"Completion rate, by sex, location, wealth quintile and education level (%) - BOTHSEX",4.5039
2002,"Completion rate, by sex, location, wealth quintile and education level (%) - BOTHSEX",24.9309
2002,"Completion rate, by sex, location, wealth quintile and education level (%) - BOTHSEX",32.7858
2002,"Completion rate, by sex, location, wealth quintile and education level (%) - BOTHSEX",8.8846
2005,"Completion rate, by sex, location, wealth quintile and education level (%) - BOTHSEX",10.5401
2005,"Completion rate, by sex, location, wealth quintile and education level (%) - BOTHSEX",0.0
2005,"Completion rate, by sex, location, wealth quintile and education level (%) - BOTHSEX",4.8554
2005,"Completion rate, by sex, location, wealth quintile and education level (%) - BOTHSEX",0.7105
2005,"Completion rate, by sex, location, wealth quintile and education level (%) - BOTHSEX",9.9951
2005,"Completion rate, by sex, location, wealth quintile and education level (%) - BOTHSEX",0.5416
2005,"Completion rate, by sex, location, wealth quintile and education level (%) - BOTHSEX",1.3724
2005,"Completion rate, by sex, location, wealth quintile and education level (%) - BOTHSEX",9.1855
2005,"Completion rate, by sex, location, wealth quintile and education level (%) - BOTHSEX",0.0
2005,"Completion rate, by sex, location, wealth quintile and education level (%) - BOTHSEX",2.328
2005,"Completion rate, by sex, location, wealth quintile and education level (%) - BOTHSEX",26.9834
2005,"Completion rate, by sex, location, wealth quintile and education level (%) - BOTHSEX",53.4619
2005,"Completion rate, by sex, location, wealth quintile and education level (%) - BOTHSEX",13.9874
2005,"Completion rate, by sex, location, wealth quintile and education level (%) - BOTHSEX",34.5993
2005,"Completion rate, by sex, location, wealth quintile and education level (%) - BOTHSEX",24.3134
2005,"Completion rate, by sex, location, wealth quintile and education level (%) - BOTHSEX",18.1206
2005,"Completion rate, by sex, location, wealth quintile and education level (%) - BOTHSEX",7.7688
2005,"Completion rate, by sex, location, wealth quintile and education level (%) - BOTHSEX",18.2755
2005,"Completion rate, by sex, location, wealth quintile and education level (%) - BOTHSEX",2.296
2005,"Completion rate, by sex, location, wealth quintile and education level (%) - BOTHSEX",20.9863
2005,"Completion rate, by sex, location, wealth quintile and education level (%) - BOTHSEX",0.0
2005,"Completion rate, by sex, location, wealth quintile and education level (%) - BOTHSEX",0.5929
2005,"Completion rate, by sex, location, wealth quintile and education level (%) - BOTHSEX",0.7636
2005,"Completion rate, by sex, location, wealth quintile and education level (%) - BOTHSEX",1.7371
2005,"Completion rate, by sex, location, wealth quintile and education level (%) - BOTHSEX",0.971
2005,"Completion rate, by sex, location, wealth quintile and education level (%) - BOTHSEX",11.8695
2005,"Completion rate, by sex, location, wealth quintile and education level (%) - BOTHSEX",31.6489
2005,"Completion rate, by sex, location, wealth quintile and education level (%) - BOTHSEX",1.3515
2005,"Completion rate, by sex, location, wealth quintile and education level (%) - BOTHSEX",24.4304
2005,"Completion rate, by sex, location, wealth quintile and education level (%) - BOTHSEX",49.7399
2005,"Completion rate, by sex, location, wealth quintile and education level (%) - BOTHSEX",8.3191
2005,"Completion rate, by sex, location, wealth quintile and education level (%) - BOTHSEX",8.7922
2005,"Completion rate, by sex, location, wealth quintile and education level (%) - BOTHSEX",1.2346
2005,"Completion rate, by sex, location, wealth quintile and education level (%) - BOTHSEX",0.5589
2005,"Completion rate, by sex, location, wealth quintile and education level (%) - BOTHSEX",3.301
2005,"Completion rate, by sex, location, wealth quintile and education level (%) - BOTHSEX",24.8962
2005,"Completion rate, by sex, location, wealth quintile and education level (%) - BOTHSEX",0.6977
2005,"Completion rate, by sex, location, wealth quintile and education level (%) - BOTHSEX",4.8173
2005,"Completion rate, by sex, location, wealth quintile and education level (%) - BOTHSEX",4.598
2005,"Completion rate, by sex, location, wealth quintile and education level (%) - BOTHSEX",20.9926
2005,"Completion rate, by sex, location, wealth quintile and education level (%) - BOTHSEX",2.8317
2005,"Completion rate, by sex, location, wealth quintile and education level (%) - BOTHSEX",0.0
2005,"Completion rate, by sex, location, wealth quintile and education level (%) - BOTHSEX",7.1859
2005,"Completion rate, by sex, location, wealth quintile and education level (%) - BOTHSEX",24.5034
2005,"Completion rate, by sex, location, wealth quintile and education level (%) - BOTHSEX",8.0841
2005,"Completion rate, by sex, location, wealth quintile and education level (%) - BOTHSEX",1.7654
2005,"Completion rate, by sex, location, wealth quintile and education level (%) - BOTHSEX",40.5308
2005,"Completion rate, by sex, location, wealth quintile and education level (%) - BOTHSEX",2.9608
2005,"Completion rate, by sex, location, wealth quintile and education level (%) - BOTHSEX",3.2093
2005,"Completion rate, by sex, location, wealth quintile and education level (%) - BOTHSEX",16.6197
2005,"Completion rate, by sex, location, wealth quintile and education level (%) - BOTHSEX",5.5012
2005,"Completion rate, by sex, location, wealth quintile and education level (%) - BOTHSEX",2.4989
2011,"Completion rate, by sex, location, wealth quintile and education level (%) - BOTHSEX",3.012
2011,"Completion rate, by sex, location, wealth quintile and education level (%) - BOTHSEX",26.6623
2011,"Completion rate, by sex, location, wealth quintile and education level (%) - BOTHSEX",0.6137
2011,"Completion rate, by sex, location, wealth quintile and education level (%) - BOTHSEX",11.5213
2011,"Completion rate, by sex, location, wealth quintile and education level (%) - BOTHSEX",23.2706
2011,"Completion rate, by sex, location, wealth quintile and education level (%) - BOTHSEX",22.2408
2011,"Completion rate, by sex, location, wealth quintile and education level (%) - BOTHSEX",4.8333
2011,"Completion rate, by sex, location, wealth quintile and education level (%) - BOTHSEX",2.8322
2011,"Completion rate, by sex, location, wealth quintile and education level (%) - BOTHSEX",54.8081
2011,"Completion rate, by sex, location, wealth quintile and education level (%) - BOTHSEX",4.5032
2011,"Completion rate, by sex, location, wealth quintile and education level (%) - BOTHSEX",21.4607
2011,"Completion rate, by sex, location, wealth quintile and education level (%) - BOTHSEX",45.5549
2011,"Completion rate, by sex, location, wealth quintile and education level (%) - BOTHSEX",22.3809
2011,"Completion rate, by sex, location, wealth quintile and education level (%) - BOTHSEX",17.9831
2011,"Completion rate, by sex, location, wealth quintile and education level (%) - BOTHSEX",65.1038
2011,"Completion rate, by sex, location, wealth quintile and education level (%) - BOTHSEX",31.5499
2011,"Completion rate, by sex, location, wealth quintile and education level (%) - BOTHSEX",3.1106
2011,"Completion rate, by sex, location, wealth quintile and education level (%) - BOTHSEX",47.3979
2011,"Completion rate, by sex, location, wealth quintile and education level (%) - BOTHSEX",40.4234
2011,"Completion rate, by sex, location, wealth quintile and education level (%) - BOTHSEX",14.9121
2011,"Completion rate, by sex, location, wealth quintile and education level (%) - BOTHSEX",17.9868
2011,"Completion rate, by sex, location, wealth quintile and education level (%) - BOTHSEX",2.7292
2011,"Completion rate, by sex, location, wealth quintile and education level (%) - BOTHSEX",39.7185
2011,"Completion rate, by sex, location, wealth quintile and education level (%) - BOTHSEX",0.9297
2011,"Completion rate, by sex, location, wealth quintile and education level (%) - BOTHSEX",4.3823
2011,"Completion rate, by sex, location, wealth quintile and education level (%) - BOTHSEX",19.8677
2011,"Completion rate, by sex, location, wealth quintile and education level (%) - BOTHSEX",41.3819
2011,"Completion rate, by sex, location, wealth quintile and education level (%) - BOTHSEX",57.3883
2011,"Completion rate, by sex, location, wealth quintile and education level (%) - BOTHSEX",26.3457
2011,"Completion rate, by sex, location, wealth quintile and education level (%) - BOTHSEX",42.656
2011,"Completion rate, by sex, location, wealth quintile and education level (%) - BOTHSEX",3.677
2011,"Completion rate, by sex, location, wealth quintile and education level (%) - BOTHSEX",2.5275
2011,"Completion rate, by sex, location, wealth quintile and education level (%) - BOTHSEX",6.195
2011,"Completion rate, by sex, location, wealth quintile and education level (%) - BOTHSEX",19.5103
2011,"Completion rate, by sex, location, wealth quintile and education level (%) - BOTHSEX",73.9379
2011,"Completion rate, by sex, location, wealth quintile and education level (%) - BOTHSEX",35.4625
2011,"Completion rate, by sex, location, wealth quintile and education level (%) - BOTHSEX",16.7483
2011,"Completion rate, by sex, location, wealth quintile and education level (%) - BOTHSEX",5.0075
2011,"Completion rate, by sex, location, wealth quintile and education level (%) - BOTHSEX",0.5984
2011,"Completion rate, by sex, location, wealth quintile and education level (%) - BOTHSEX",29.0426
2011,"Completion rate, by sex, location, wealth quintile and education level (%) - BOTHSEX",5.7883
2011,"Completion rate, by sex, location, wealth quintile and education level (%) - BOTHSEX",0.9374
2011,"Completion rate, by sex, location, wealth quintile and education level (%) - BOTHSEX",6.8495
2011,"Completion rate, by sex, location, wealth quintile and education level (%) - BOTHSEX",15.0896
2011,"Completion rate, by sex, location, wealth quintile and education level (%) - BOTHSEX",1.6031
2011,"Completion rate, by sex, location, wealth quintile and education level (%) - BOTHSEX",16.6342
2011,"Completion rate, by sex, location, wealth quintile and education level (%) - BOTHSEX",0.4513
2011,"Completion rate, by sex, location, wealth quintile and education level (%) - BOTHSEX",25.0928
2011,"Completion rate, by sex, location, wealth quintile and education level (%) - BOTHSEX",0.0
2011,"Completion rate, by sex, location, wealth quintile and education level (%) - BOTHSEX",24.3019
2011,"Completion rate, by sex, location, wealth quintile and education level (%) - BOTHSEX",1.7958
2011,"Completion rate, by sex, location, wealth quintile and education level (%) - BOTHSEX",8.0883
2011,"Completion rate, by sex, location, wealth quintile and education level (%) - BOTHSEX",35.7895
2011,"Completion rate, by sex, location, wealth quintile and education level (%) - BOTHSEX",8.5437
2014,"Completion rate, by sex, location, wealth quintile and education level (%) - BOTHSEX",7.69
2014,"Completion rate, by sex, location, wealth quintile and education level (%) - BOTHSEX",50.17
2014,"Completion rate, by sex, location, wealth quintile and education level (%) - BOTHSEX",5.98
2014,"Completion rate, by sex, location, wealth quintile and education level (%) - BOTHSEX",30.65
2014,"Completion rate, by sex, location, wealth quintile and education level (%) - BOTHSEX",15.31
2014,"Completion rate, by sex, location, wealth quintile and education level (%) - BOTHSEX",47.27
2014,"Completion rate, by sex, location, wealth quintile and education level (%) - BOTHSEX",0.73
2014,"Completion rate, by sex, location, wealth quintile and education level (%) - BOTHSEX",21.7
2014,"Completion rate, by sex, location, wealth quintile and education level (%) - BOTHSEX",37.55
2014,"Completion rate, by sex, location, wealth quintile and education level (%) - BOTHSEX",80.58
2014,"Completion rate, by sex, location, wealth quintile and education level (%) - BOTHSEX",32.77
2014,"Completion rate, by sex, location, wealth quintile and education level (%) - BOTHSEX",4.97
2014,"Completion rate, by sex, location, wealth quintile and education level (%) - BOTHSEX",2.28
2014,"Completion rate, by sex, location, wealth quintile and education level (%) - BOTHSEX",30.63
2014,"Completion rate, by sex, location, wealth quintile and education level (%) - BOTHSEX",64.68
2014,"Completion rate, by sex, location, wealth quintile and education level (%) - BOTHSEX",31.47
2014,"Completion rate, by sex, location, wealth quintile and education level (%) - BOTHSEX",49.5
2014,"Completion rate, by sex, location, wealth quintile and education level (%) - BOTHSEX",52.61
2014,"Completion rate, by sex, location, wealth quintile and education level (%) - BOTHSEX",25.14
2014,"Completion rate, by sex, location, wealth quintile and education level (%) - BOTHSEX",11.22
2014,"Completion rate, by sex, location, wealth quintile and education level (%) - BOTHSEX",20.38
2014,"Completion rate, by sex, location, wealth quintile and education level (%) - BOTHSEX",0.88
2014,"Completion rate, by sex, location, wealth quintile and education level (%) - BOTHSEX",40.18
2014,"Completion rate, by sex, location, wealth quintile and education level (%) - BOTHSEX",0.0
2014,"Completion rate, by sex, location, wealth quintile and education level (%) - BOTHSEX",12.24
2014,"Completion rate, by sex, location, wealth quintile and education level (%) - BOTHSEX",2.9
2014,"Completion rate, by sex, location, wealth quintile and education level (%) - BOTHSEX",36.47
2014,"Completion rate, by sex, location, wealth quintile and education level (%) - BOTHSEX",0.57
2014,"Completion rate, by sex, location, wealth quintile and education level (%) - BOTHSEX",29.71
2014,"Completion rate, by sex, location, wealth quintile and education level (%) - BOTHSEX",4.93
2014,"Completion rate, by sex, location, wealth quintile and education level (%) - BOTHSEX",22.51
2014,"Completion rate, by sex, location, wealth quintile and education level (%) - BOTHSEX",10.04
2014,"Completion rate, by sex, location, wealth quintile and education level (%) - BOTHSEX",38.43
2014,"Completion rate, by sex, location, wealth quintile and education level (%) - BOTHSEX",0.64
2014,"Completion rate, by sex, location, wealth quintile and education level (%) - BOTHSEX",4.38
2014,"Completion rate, by sex, location, wealth quintile and education level (%) - BOTHSEX",31.07
2014,"Completion rate, by sex, location, wealth quintile and education level (%) - BOTHSEX",52.86
2014,"Completion rate, by sex, location, wealth quintile and education level (%) - BOTHSEX",2.94
2014,"Completion rate, by sex, location, wealth quintile and education level (%) - BOTHSEX",39.04
2014,"Completion rate, by sex, location, wealth quintile and education level (%) - BOTHSEX",77.08
2014,"Completion rate, by sex, location, wealth quintile and education level (%) - BOTHSEX",14.74
2014,"Completion rate, by sex, location, wealth quintile and education level (%) - BOTHSEX",50.2
2014,"Completion rate, by sex, location, wealth quintile and education level (%) - BOTHSEX",53.96
2014,"Completion rate, by sex, location, wealth quintile and education level (%) - BOTHSEX",18.78
2014,"Completion rate, by sex, location, wealth quintile and education level (%) - BOTHSEX",5.24
2014,"Completion rate, by sex, location, wealth quintile and education level (%) - BOTHSEX",56.12
2014,"Completion rate, by sex, location, wealth quintile and education level (%) - BOTHSEX",1.85
2014,"Completion rate, by sex, location, wealth quintile and education level (%) - BOTHSEX",47.19
2014,"Completion rate, by sex, location, wealth quintile and education level (%) - BOTHSEX",0.38
2014,"Completion rate, by sex, location, wealth quintile and education level (%) - BOTHSEX",34.59
2014,"Completion rate, by sex, location, wealth quintile and education level (%) - BOTHSEX",8.22
2014,"Completion rate, by sex, location, wealth quintile and education level (%) - BOTHSEX",11.81
2014,"Completion rate, by sex, location, wealth quintile and education level (%) - BOTHSEX",42.97
2014,"Completion rate, by sex, location, wealth quintile and education level (%) - BOTHSEX",22.88
2015,"Completion rate, by sex, location, wealth quintile and education level (%) - BOTHSEX",36.9953
2015,"Completion rate, by sex, location, wealth quintile and education level (%) - BOTHSEX",2.2613
2015,"Completion rate, by sex, location, wealth quintile and education level (%) - BOTHSEX",13.7406
2015,"Completion rate, by sex, location, wealth quintile and education level (%) - BOTHSEX",5.2116
2015,"Completion rate, by sex, location, wealth quintile and education level (%) - BOTHSEX",64.5753
2015,"Completion rate, by sex, location, wealth quintile and education level (%) - BOTHSEX",31.7827
2015,"Completion rate, by sex, location, wealth quintile and education level (%) - BOTHSEX",3.5543
2015,"Completion rate, by sex, location, wealth quintile and education level (%) - BOTHSEX",15.3207
2015,"Completion rate, by sex, location, wealth quintile and education level (%) - BOTHSEX",1.8314
2015,"Completion rate, by sex, location, wealth quintile and education level (%) - BOTHSEX",8.6804
2015,"Completion rate, by sex, location, wealth quintile and education level (%) - BOTHSEX",24.2993
2015,"Completion rate, by sex, location, wealth quintile and education level (%) - BOTHSEX",74.9771
2015,"Completion rate, by sex, location, wealth quintile and education level (%) - BOTHSEX",55.981
2015,"Completion rate, by sex, location, wealth quintile and education level (%) - BOTHSEX",21.1194
2015,"Completion rate, by sex, location, wealth quintile and education level (%) - BOTHSEX",7.3067
2015,"Completion rate, by sex, location, wealth quintile and education level (%) - BOTHSEX",0.6257
2015,"Completion rate, by sex, location, wealth quintile and education level (%) - BOTHSEX",41.5582
2015,"Completion rate, by sex, location, wealth quintile and education level (%) - BOTHSEX",50.2487
2015,"Completion rate, by sex, location, wealth quintile and education level (%) - BOTHSEX",8.4433
2015,"Completion rate, by sex, location, wealth quintile and education level (%) - BOTHSEX",21.8719
2015,"Completion rate, by sex, location, wealth quintile and education level (%) - BOTHSEX",8.7809
2015,"Completion rate, by sex, location, wealth quintile and education level (%) - BOTHSEX",30.5547
2015,"Completion rate, by sex, location, wealth quintile and education level (%) - BOTHSEX",47.9249
2015,"Completion rate, by sex, location, wealth quintile and education level (%) - BOTHSEX",17.657
2015,"Completion rate, by sex, location, wealth quintile and education level (%) - BOTHSEX",12.3242
2015,"Completion rate, by sex, location, wealth quintile and education level (%) - BOTHSEX",40.6799
2015,"Completion rate, by sex, location, wealth quintile and education level (%) - BOTHSEX",1.9045
2015,"Completion rate, by sex, location, wealth quintile and education level (%) - BOTHSEX",31.936
2015,"Completion rate, by sex, location, wealth quintile and education level (%) - BOTHSEX",14.1618
2015,"Completion rate, by sex, location, wealth quintile and education level (%) - BOTHSEX",12.0673
2015,"Completion rate, by sex, location, wealth quintile and education level (%) - BOTHSEX",33.63
2015,"Completion rate, by sex, location, wealth quintile and education level (%) - BOTHSEX",15.5847
2015,"Completion rate, by sex, location, wealth quintile and education level (%) - BOTHSEX",62.0191
2015,"Completion rate, by sex, location, wealth quintile and education level (%) - BOTHSEX",7.035
2015,"Completion rate, by sex, location, wealth quintile and education level (%) - BOTHSEX",26.2833
2015,"Completion rate, by sex, location, wealth quintile and education level (%) - BOTHSEX",54.1992
2015,"Completion rate, by sex, location, wealth quintile and education level (%) - BOTHSEX",48.1394
2015,"Completion rate, by sex, location, wealth quintile and education level (%) - BOTHSEX",45.4539
2015,"Completion rate, by sex, location, wealth quintile and education level (%) - BOTHSEX",20.1512
2015,"Completion rate, by sex, location, wealth quintile and education level (%) - BOTHSEX",70.6303
2015,"Completion rate, by sex, location, wealth quintile and education level (%) - BOTHSEX",42.1916
2015,"Completion rate, by sex, location, wealth quintile and education level (%) - BOTHSEX",4.3493
2015,"Completion rate, by sex, location, wealth quintile and education level (%) - BOTHSEX",12.8013
2015,"Completion rate, by sex, location, wealth quintile and education level (%) - BOTHSEX",1.8937
2015,"Completion rate, by sex, location, wealth quintile and education level (%) - BOTHSEX",50.4032
2015,"Completion rate, by sex, location, wealth quintile and education level (%) - BOTHSEX",21.3571
2015,"Completion rate, by sex, location, wealth quintile and education level (%) - BOTHSEX",30.6503
2015,"Completion rate, by sex, location, wealth quintile and education level (%) - BOTHSEX",8.9635
2015,"Completion rate, by sex, location, wealth quintile and education level (%) - BOTHSEX",0.6628
2015,"Completion rate, by sex, location, wealth quintile and education level (%) - BOTHSEX",38.2913
2015,"Completion rate, by sex, location, wealth quintile and education level (%) - BOTHSEX",1.9339
2015,"Completion rate, by sex, location, wealth quintile and education level (%) - BOTHSEX",12.8937
2015,"Completion rate, by sex, location, wealth quintile and education level (%) - BOTHSEX",21.0764
2016,"Completion rate, by sex, location, wealth quintile and education level (%) - BOTHSEX",13.8977
2016,"Completion rate, by sex, location, wealth quintile and education level (%) - BOTHSEX",2.1369
2016,"Completion rate, by sex, location, wealth quintile and education level (%) - BOTHSEX",36.4853
2016,"Completion rate, by sex, location, wealth quintile and education level (%) - BOTHSEX",0.2623
2016,"Completion rate, by sex, location, wealth quintile and education level (%) - BOTHSEX",24.4309
2016,"Completion rate, by sex, location, wealth quintile and education level (%) - BOTHSEX",26.5349
2016,"Completion rate, by sex, location, wealth quintile and education level (%) - BOTHSEX",56.5382
2016,"Completion rate, by sex, location, wealth quintile and education level (%) - BOTHSEX",2.013
2016,"Completion rate, by sex, location, wealth quintile and education level (%) - BOTHSEX",15.7717
2016,"Completion rate, by sex, location, wealth quintile and education level (%) - BOTHSEX",41.2793
2016,"Completion rate, by sex, location, wealth quintile and education level (%) - BOTHSEX",74.7579
2016,"Completion rate, by sex, location, wealth quintile and education level (%) - BOTHSEX",20.228
2016,"Completion rate, by sex, location, wealth quintile and education level (%) - BOTHSEX",41.1148
2016,"Completion rate, by sex, location, wealth quintile and education level (%) - BOTHSEX",79.5731
2016,"Completion rate, by sex, location, wealth quintile and education level (%) - BOTHSEX",27.9072
2016,"Completion rate, by sex, location, wealth quintile and education level (%) - BOTHSEX",9.5323
2016,"Completion rate, by sex, location, wealth quintile and education level (%) - BOTHSEX",63.2766
2016,"Completion rate, by sex, location, wealth quintile and education level (%) - BOTHSEX",15.198
2016,"Completion rate, by sex, location, wealth quintile and education level (%) - BOTHSEX",47.2893
2016,"Completion rate, by sex, location, wealth quintile and education level (%) - BOTHSEX",22.0728
2016,"Completion rate, by sex, location, wealth quintile and education level (%) - BOTHSEX",38.6046
2016,"Completion rate, by sex, location, wealth quintile and education level (%) - BOTHSEX",25.488
2016,"Completion rate, by sex, location, wealth quintile and education level (%) - BOTHSEX",51.4082
2016,"Completion rate, by sex, location, wealth quintile and education level (%) - BOTHSEX",15.0795
2016,"Completion rate, by sex, location, wealth quintile and education level (%) - BOTHSEX",34.3402
2016,"Completion rate, by sex, location, wealth quintile and education level (%) - BOTHSEX",4.1398
2016,"Completion rate, by sex, location, wealth quintile and education level (%) - BOTHSEX",24.404
2016,"Completion rate, by sex, location, wealth quintile and education level (%) - BOTHSEX",9.3457
2016,"Completion rate, by sex, location, wealth quintile and education level (%) - BOTHSEX",51.0244
2016,"Completion rate, by sex, location, wealth quintile and education level (%) - BOTHSEX",4.7685
2016,"Completion rate, by sex, location, wealth quintile and education level (%) - BOTHSEX",25.2305
2016,"Completion rate, by sex, location, wealth quintile and education level (%) - BOTHSEX",0.2547
2016,"Completion rate, by sex, location, wealth quintile and education level (%) - BOTHSEX",9.7035
2016,"Completion rate, by sex, location, wealth quintile and education level (%) - BOTHSEX",29.7027
2016,"Completion rate, by sex, location, wealth quintile and education level (%) - BOTHSEX",56.2313
2016,"Completion rate, by sex, location, wealth quintile and education level (%) - BOTHSEX",6.9939
2016,"Completion rate, by sex, location, wealth quintile and education level (%) - BOTHSEX",38.2485
2016,"Completion rate, by sex, location, wealth quintile and education level (%) - BOTHSEX",33.1998
2016,"Completion rate, by sex, location, wealth quintile and education level (%) - BOTHSEX",11.1872
2016,"Completion rate, by sex, location, wealth quintile and education level (%) - BOTHSEX",3.4301
2016,"Completion rate, by sex, location, wealth quintile and education level (%) - BOTHSEX",28.3704
2016,"Completion rate, by sex, location, wealth quintile and education level (%) - BOTHSEX",53.7305
2016,"Completion rate, by sex, location, wealth quintile and education level (%) - BOTHSEX",63.7446
2016,"Completion rate, by sex, location, wealth quintile and education level (%) - BOTHSEX",2.5333
2016,"Completion rate, by sex, location, wealth quintile and education level (%) - BOTHSEX",34.824
2016,"Completion rate, by sex, location, wealth quintile and education level (%) - BOTHSEX",68.6888
2016,"Completion rate, by sex, location, wealth quintile and education level (%) - BOTHSEX",3.0565
2016,"Completion rate, by sex, location, wealth quintile and education level (%) - BOTHSEX",18.1184
2016,"Completion rate, by sex, location, wealth quintile and education level (%) - BOTHSEX",43.4155
2016,"Completion rate, by sex, location, wealth quintile and education level (%) - BOTHSEX",1.7226
2016,"Completion rate, by sex, location, wealth quintile and education level (%) - BOTHSEX",12.9056
2016,"Completion rate, by sex, location, wealth quintile and education level (%) - BOTHSEX",4.8915
2017,"Completion rate, by sex, location, wealth quintile and education level (%) - BOTHSEX",40.0014
2017,"Completion rate, by sex, location, wealth quintile and education level (%) - BOTHSEX",15.9376
2017,"Completion rate, by sex, location, wealth quintile and education level (%) - BOTHSEX",3.955
2017,"Completion rate, by sex, location, wealth quintile and education level (%) - BOTHSEX",42.5714
2017,"Completion rate, by sex, location, wealth quintile and education level (%) - BOTHSEX",15.841
2017,"Completion rate, by sex, location, wealth quintile and education level (%) - BOTHSEX",31.2907
2017,"Completion rate, by sex, location, wealth quintile and education level (%) - BOTHSEX",49.7107
2017,"Completion rate, by sex, location, wealth quintile and education level (%) - BOTHSEX",17.0108
2017,"Completion rate, by sex, location, wealth quintile and education level (%) - BOTHSEX",7.2183
2017,"Completion rate, by sex, location, wealth quintile and education level (%) - BOTHSEX",31.2441
2017,"Completion rate, by sex, location, wealth quintile and education level (%) - BOTHSEX",53.3006
2017,"Completion rate, by sex, location, wealth quintile and education level (%) - BOTHSEX",45.1307
2017,"Completion rate, by sex, location, wealth quintile and education level (%) - BOTHSEX",20.9385
2017,"Completion rate, by sex, location, wealth quintile and education level (%) - BOTHSEX",3.2353
2017,"Completion rate, by sex, location, wealth quintile and education level (%) - BOTHSEX",26.8013
2017,"Completion rate, by sex, location, wealth quintile and education level (%) - BOTHSEX",76.0494
2017,"Completion rate, by sex, location, wealth quintile and education level (%) - BOTHSEX",46.8297
2017,"Completion rate, by sex, location, wealth quintile and education level (%) - BOTHSEX",7.147
2017,"Completion rate, by sex, location, wealth quintile and education level (%) - BOTHSEX",4.0182
2017,"Completion rate, by sex, location, wealth quintile and education level (%) - BOTHSEX",49.7255
2017,"Completion rate, by sex, location, wealth quintile and education level (%) - BOTHSEX",26.2313
2017,"Completion rate, by sex, location, wealth quintile and education level (%) - BOTHSEX",27.463
2017,"Completion rate, by sex, location, wealth quintile and education level (%) - BOTHSEX",6.7467
2017,"Completion rate, by sex, location, wealth quintile and education level (%) - BOTHSEX",37.4574
2017,"Completion rate, by sex, location, wealth quintile and education level (%) - BOTHSEX",4.8269
2017,"Completion rate, by sex, location, wealth quintile and education level (%) - BOTHSEX",15.5702
2017,"Completion rate, by sex, location, wealth quintile and education level (%) - BOTHSEX",7.0903
2017,"Completion rate, by sex, location, wealth quintile and education level (%) - BOTHSEX",36.6702
2017,"Completion rate, by sex, location, wealth quintile and education level (%) - BOTHSEX",21.7081
2017,"Completion rate, by sex, location, wealth quintile and education level (%) - BOTHSEX",47.1606
2017,"Completion rate, by sex, location, wealth quintile and education level (%) - BOTHSEX",22.0472
2017,"Completion rate, by sex, location, wealth quintile and education level (%) - BOTHSEX",18.5361
2017,"Completion rate, by sex, location, wealth quintile and education level (%) - BOTHSEX",65.3909
2017,"Completion rate, by sex, location, wealth quintile and education level (%) - BOTHSEX",38.0136
2017,"Completion rate, by sex, location, wealth quintile and education level (%) - BOTHSEX",5.5649
2017,"Completion rate, by sex, location, wealth quintile and education level (%) - BOTHSEX",60.2119
2017,"Completion rate, by sex, location, wealth quintile and education level (%) - BOTHSEX",4.4812
2017,"Completion rate, by sex, location, wealth quintile and education level (%) - BOTHSEX",14.1441
2017,"Completion rate, by sex, location, wealth quintile and education level (%) - BOTHSEX",32.879
2017,"Completion rate, by sex, location, wealth quintile and education level (%) - BOTHSEX",80.5347
2017,"Completion rate, by sex, location, wealth quintile and education level (%) - BOTHSEX",48.5635
2017,"Completion rate, by sex, location, wealth quintile and education level (%) - BOTHSEX",54.9232
2017,"Completion rate, by sex, location, wealth quintile and education level (%) - BOTHSEX",30.6066
2017,"Completion rate, by sex, location, wealth quintile and education level (%) - BOTHSEX",12.7414
2017,"Completion rate, by sex, location, wealth quintile and education level (%) - BOTHSEX",1.6599
2017,"Completion rate, by sex, location, wealth quintile and education level (%) - BOTHSEX",40.6587
2017,"Completion rate, by sex, location, wealth quintile and education level (%) - BOTHSEX",16.4813
2017,"Completion rate, by sex, location, wealth quintile and education level (%) - BOTHSEX",50.0146
2017,"Completion rate, by sex, location, wealth quintile and education level (%) - BOTHSEX",12.2216
2017,"Completion rate, by sex, location, wealth quintile and education level (%) - BOTHSEX",26.6404
2017,"Completion rate, by sex, location, wealth quintile and education level (%) - BOTHSEX",6.3131
2017,"Completion rate, by sex, location, wealth quintile and education level (%) - BOTHSEX",26.7095
2017,"Completion rate, by sex, location, wealth quintile and education level (%) - BOTHSEX",1.5991
2017,"Completion rate, by sex, location, wealth quintile and education level (%) - BOTHSEX",27.8521
2018,"Completion rate, by sex, location, wealth quintile and education level (%) - BOTHSEX",16.9462
2018,"Completion rate, by sex, location, wealth quintile and education level (%) - BOTHSEX",3.9264
2018,"Completion rate, by sex, location, wealth quintile and education level (%) - BOTHSEX",38.3251
2018,"Completion rate, by sex, location, wealth quintile and education level (%) - BOTHSEX",29.8555
2018,"Completion rate, by sex, location, wealth quintile and education level (%) - BOTHSEX",21.4112
2018,"Completion rate, by sex, location, wealth quintile and education level (%) - BOTHSEX",44.9912
2018,"Completion rate, by sex, location, wealth quintile and education level (%) - BOTHSEX",3.685
2018,"Completion rate, by sex, location, wealth quintile and education level (%) - BOTHSEX",15.2863
2018,"Completion rate, by sex, location, wealth quintile and education level (%) - BOTHSEX",44.1663
2018,"Completion rate, by sex, location, wealth quintile and education level (%) - BOTHSEX",74.0042
2018,"Completion rate, by sex, location, wealth quintile and education level (%) - BOTHSEX",28.8435
2018,"Completion rate, by sex, location, wealth quintile and education level (%) - BOTHSEX",55.626
2018,"Completion rate, by sex, location, wealth quintile and education level (%) - BOTHSEX",77.8839
2018,"Completion rate, by sex, location, wealth quintile and education level (%) - BOTHSEX",25.5471
2018,"Completion rate, by sex, location, wealth quintile and education level (%) - BOTHSEX",10.9144
2018,"Completion rate, by sex, location, wealth quintile and education level (%) - BOTHSEX",63.2784
2018,"Completion rate, by sex, location, wealth quintile and education level (%) - BOTHSEX",43.156
2018,"Completion rate, by sex, location, wealth quintile and education level (%) - BOTHSEX",23.3227
2018,"Completion rate, by sex, location, wealth quintile and education level (%) - BOTHSEX",42.914
2018,"Completion rate, by sex, location, wealth quintile and education level (%) - BOTHSEX",30.6342
2018,"Completion rate, by sex, location, wealth quintile and education level (%) - BOTHSEX",42.2484
2018,"Completion rate, by sex, location, wealth quintile and education level (%) - BOTHSEX",1.0523
2018,"Completion rate, by sex, location, wealth quintile and education level (%) - BOTHSEX",19.4971
2018,"Completion rate, by sex, location, wealth quintile and education level (%) - BOTHSEX",38.4972
2018,"Completion rate, by sex, location, wealth quintile and education level (%) - BOTHSEX",26.5807
2018,"Completion rate, by sex, location, wealth quintile and education level (%) - BOTHSEX",12.3441
2018,"Completion rate, by sex, location, wealth quintile and education level (%) - BOTHSEX",28.9538
2018,"Completion rate, by sex, location, wealth quintile and education level (%) - BOTHSEX",14.6331
2018,"Completion rate, by sex, location, wealth quintile and education level (%) - BOTHSEX",50.8453
2018,"Completion rate, by sex, location, wealth quintile and education level (%) - BOTHSEX",12.3191
2018,"Completion rate, by sex, location, wealth quintile and education level (%) - BOTHSEX",30.3714
2018,"Completion rate, by sex, location, wealth quintile and education level (%) - BOTHSEX",0.9965
2018,"Completion rate, by sex, location, wealth quintile and education level (%) - BOTHSEX",19.6354
2018,"Completion rate, by sex, location, wealth quintile and education level (%) - BOTHSEX",34.0868
2018,"Completion rate, by sex, location, wealth quintile and education level (%) - BOTHSEX",60.0253
2018,"Completion rate, by sex, location, wealth quintile and education level (%) - BOTHSEX",7.941
2018,"Completion rate, by sex, location, wealth quintile and education level (%) - BOTHSEX",54.2249
2018,"Completion rate, by sex, location, wealth quintile and education level (%) - BOTHSEX",36.5354
2018,"Completion rate, by sex, location, wealth quintile and education level (%) - BOTHSEX",22.157
2018,"Completion rate, by sex, location, wealth quintile and education level (%) - BOTHSEX",1.5591
2018,"Completion rate, by sex, location, wealth quintile and education level (%) - BOTHSEX",34.3652
2018,"Completion rate, by sex, location, wealth quintile and education level (%) - BOTHSEX",58.13
2018,"Completion rate, by sex, location, wealth quintile and education level (%) - BOTHSEX",60.9725
2018,"Completion rate, by sex, location, wealth quintile and education level (%) - BOTHSEX",4.4522
2018,"Completion rate, by sex, location, wealth quintile and education level (%) - BOTHSEX",68.2933
2018,"Completion rate, by sex, location, wealth quintile and education level (%) - BOTHSEX",8.7462
2018,"Completion rate, by sex, location, wealth quintile and education level (%) - BOTHSEX",50.1786
2018,"Completion rate, by sex, location, wealth quintile and education level (%) - BOTHSEX",41.4331
2018,"Completion rate, by sex, location, wealth quintile and education level (%) - BOTHSEX",12.0253
2018,"Completion rate, by sex, location, wealth quintile and education level (%) - BOTHSEX",4.0004
2018,"Completion rate, by sex, location, wealth quintile and education level (%) - BOTHSEX",12.5988
2018,"Completion rate, by sex, location, wealth quintile and education level (%) - BOTHSEX",48.9688
2018,"Completion rate, by sex, location, wealth quintile and education level (%) - BOTHSEX",6.1176
2019,"Completion rate, by sex, location, wealth quintile and education level (%) - BOTHSEX",19.2558
2019,"Completion rate, by sex, location, wealth quintile and education level (%) - BOTHSEX",0.9182
2019,"Completion rate, by sex, location, wealth quintile and education level (%) - BOTHSEX",14.7083
2019,"Completion rate, by sex, location, wealth quintile and education level (%) - BOTHSEX",3.5373
2019,"Completion rate, by sex, location, wealth quintile and education level (%) - BOTHSEX",36.1161
2019,"Completion rate, by sex, location, wealth quintile and education level (%) - BOTHSEX",25.926
2019,"Completion rate, by sex, location, wealth quintile and education level (%) - BOTHSEX",16.4987
2019,"Completion rate, by sex, location, wealth quintile and education level (%) - BOTHSEX",16.2427
2019,"Completion rate, by sex, location, wealth quintile and education level (%) - BOTHSEX",52.8259
2019,"Completion rate, by sex, location, wealth quintile and education level (%) - BOTHSEX",7.9202
2019,"Completion rate, by sex, location, wealth quintile and education level (%) - BOTHSEX",63.6176
2019,"Completion rate, by sex, location, wealth quintile and education level (%) - BOTHSEX",47.1873
2019,"Completion rate, by sex, location, wealth quintile and education level (%) - BOTHSEX",59.3688
2019,"Completion rate, by sex, location, wealth quintile and education level (%) - BOTHSEX",5.3649
2019,"Completion rate, by sex, location, wealth quintile and education level (%) - BOTHSEX",17.2671
2019,"Completion rate, by sex, location, wealth quintile and education level (%) - BOTHSEX",13.7741
2019,"Completion rate, by sex, location, wealth quintile and education level (%) - BOTHSEX",74.9073
2019,"Completion rate, by sex, location, wealth quintile and education level (%) - BOTHSEX",54.869
2019,"Completion rate, by sex, location, wealth quintile and education level (%) - BOTHSEX",5.902
2019,"Completion rate, by sex, location, wealth quintile and education level (%) - BOTHSEX",55.2883
2019,"Completion rate, by sex, location, wealth quintile and education level (%) - BOTHSEX",31.0945
2019,"Completion rate, by sex, location, wealth quintile and education level (%) - BOTHSEX",31.1315
2019,"Completion rate, by sex, location, wealth quintile and education level (%) - BOTHSEX",26.3268
2019,"Completion rate, by sex, location, wealth quintile and education level (%) - BOTHSEX",6.6413
2019,"Completion rate, by sex, location, wealth quintile and education level (%) - BOTHSEX",47.3816
2019,"Completion rate, by sex, location, wealth quintile and education level (%) - BOTHSEX",10.5015
2019,"Completion rate, by sex, location, wealth quintile and education level (%) - BOTHSEX",4.9708
2019,"Completion rate, by sex, location, wealth quintile and education level (%) - BOTHSEX",42.5263
2019,"Completion rate, by sex, location, wealth quintile and education level (%) - BOTHSEX",17.9757
2019,"Completion rate, by sex, location, wealth quintile and education level (%) - BOTHSEX",37.1975
2019,"Completion rate, by sex, location, wealth quintile and education level (%) - BOTHSEX",45.2888
2019,"Completion rate, by sex, location, wealth quintile and education level (%) - BOTHSEX",5.8649
2019,"Completion rate, by sex, location, wealth quintile and education level (%) - BOTHSEX",60.5928
2019,"Completion rate, by sex, location, wealth quintile and education level (%) - BOTHSEX",6.7794
2019,"Completion rate, by sex, location, wealth quintile and education level (%) - BOTHSEX",40.465
2019,"Completion rate, by sex, location, wealth quintile and education level (%) - BOTHSEX",35.4956
2019,"Completion rate, by sex, location, wealth quintile and education level (%) - BOTHSEX",78.7148
2019,"Completion rate, by sex, location, wealth quintile and education level (%) - BOTHSEX",59.8342
2019,"Completion rate, by sex, location, wealth quintile and education level (%) - BOTHSEX",23.6085
2019,"Completion rate, by sex, location, wealth quintile and education level (%) - BOTHSEX",11.6925
2019,"Completion rate, by sex, location, wealth quintile and education level (%) - BOTHSEX",1.6182
2019,"Completion rate, by sex, location, wealth quintile and education level (%) - BOTHSEX",39.7453
2019,"Completion rate, by sex, location, wealth quintile and education level (%) - BOTHSEX",15.104
2019,"Completion rate, by sex, location, wealth quintile and education level (%) - BOTHSEX",3.8226
2019,"Completion rate, by sex, location, wealth quintile and education level (%) - BOTHSEX",41.9432
2019,"Completion rate, by sex, location, wealth quintile and education level (%) - BOTHSEX",29.5906
2019,"Completion rate, by sex, location, wealth quintile and education level (%) - BOTHSEX",6.604
2019,"Completion rate, by sex, location, wealth quintile and education level (%) - BOTHSEX",26.1024
2019,"Completion rate, by sex, location, wealth quintile and education level (%) - BOTHSEX",34.5156
2019,"Completion rate, by sex, location, wealth quintile and education level (%) - BOTHSEX",3.783
2019,"Completion rate, by sex, location, wealth quintile and education level (%) - BOTHSEX",13.1327
2023,"Completion rate, by sex, location, wealth quintile and education level (%) - BOTHSEX",20.289
2023,"Completion rate, by sex, location, wealth quintile and education level (%) - BOTHSEX",7.3221
2023,"Completion rate, by sex, location, wealth quintile and education level (%) - BOTHSEX",42.1334
2023,"Completion rate, by sex, location, wealth quintile and education level (%) - BOTHSEX",34.504
2023,"Completion rate, by sex, location, wealth quintile and education level (%) - BOTHSEX",12.1764
2023,"Completion rate, by sex, location, wealth quintile and education level (%) - BOTHSEX",4.8566
2023,"Completion rate, by sex, location, wealth quintile and education level (%) - BOTHSEX",20.7933
2023,"Completion rate, by sex, location, wealth quintile and education level (%) - BOTHSEX",43.8787
2023,"Completion rate, by sex, location, wealth quintile and education level (%) - BOTHSEX",3.6212
2023,"Completion rate, by sex, location, wealth quintile and education level (%) - BOTHSEX",12.1922
2023,"Completion rate, by sex, location, wealth quintile and education level (%) - BOTHSEX",35.2301
2023,"Completion rate, by sex, location, wealth quintile and education level (%) - BOTHSEX",8.4509
2023,"Completion rate, by sex, location, wealth quintile and education level (%) - BOTHSEX",74.795
2023,"Completion rate, by sex, location, wealth quintile and education level (%) - BOTHSEX",8.5468
2023,"Completion rate, by sex, location, wealth quintile and education level (%) - BOTHSEX",65.2611
2023,"Completion rate, by sex, location, wealth quintile and education level (%) - BOTHSEX",15.473
2023,"Completion rate, by sex, location, wealth quintile and education level (%) - BOTHSEX",12.4281
2023,"Completion rate, by sex, location, wealth quintile and education level (%) - BOTHSEX",23.0087
2023,"Completion rate, by sex, location, wealth quintile and education level (%) - BOTHSEX",42.4255
2023,"Completion rate, by sex, location, wealth quintile and education level (%) - BOTHSEX",38.1943
2023,"Completion rate, by sex, location, wealth quintile and education level (%) - BOTHSEX",36.3607
2023,"Completion rate, by sex, location, wealth quintile and education level (%) - BOTHSEX",58.5432
2023,"Completion rate, by sex, location, wealth quintile and education level (%) - BOTHSEX",20.4162
2023,"Completion rate, by sex, location, wealth quintile and education level (%) - BOTHSEX",2.9111
2023,"Completion rate, by sex, location, wealth quintile and education level (%) - BOTHSEX",23.0885
2023,"Completion rate, by sex, location, wealth quintile and education level (%) - BOTHSEX",44.0997
2023,"Completion rate, by sex, location, wealth quintile and education level (%) - BOTHSEX",4.2065
2023,"Completion rate, by sex, location, wealth quintile and education level (%) - BOTHSEX",31.0515
2023,"Completion rate, by sex, location, wealth quintile and education level (%) - BOTHSEX",15.801
2023,"Completion rate, by sex, location, wealth quintile and education level (%) - BOTHSEX",52.68
2023,"Completion rate, by sex, location, wealth quintile and education level (%) - BOTHSEX",34.6958
2023,"Completion rate, by sex, location, wealth quintile and education level (%) - BOTHSEX",28.8223
2023,"Completion rate, by sex, location, wealth quintile and education level (%) - BOTHSEX",50.6111
2023,"Completion rate, by sex, location, wealth quintile and education level (%) - BOTHSEX",15.0409
2023,"Completion rate, by sex, location, wealth quintile and education level (%) - BOTHSEX",34.0302
2023,"Completion rate, by sex, location, wealth quintile and education level (%) - BOTHSEX",61.055
2023,"Completion rate, by sex, location, wealth quintile and education level (%) - BOTHSEX",10.2633
2023,"Completion rate, by sex, location, wealth quintile and education level (%) - BOTHSEX",55.576
2023,"Completion rate, by sex, location, wealth quintile and education level (%) - BOTHSEX",71.4339
2023,"Completion rate, by sex, location, wealth quintile and education level (%) - BOTHSEX",36.3034
2023,"Completion rate, by sex, location, wealth quintile and education level (%) - BOTHSEX",16.792
2023,"Completion rate, by sex, location, wealth quintile and education level (%) - BOTHSEX",22.7039
2023,"Completion rate, by sex, location, wealth quintile and education level (%) - BOTHSEX",50.1894
2023,"Completion rate, by sex, location, wealth quintile and education level (%) - BOTHSEX",57.7
2023,"Completion rate, by sex, location, wealth quintile and education level (%) - BOTHSEX",34.266
2023,"Completion rate, by sex, location, wealth quintile and education level (%) - BOTHSEX",7.9916
2023,"Completion rate, by sex, location, wealth quintile and education level (%) - BOTHSEX",65.3877
2023,"Completion rate, by sex, location, wealth quintile and education level (%) - BOTHSEX",26.2922
2023,"Completion rate, by sex, location, wealth quintile and education level (%) - BOTHSEX",54.519
2023,"Completion rate, by sex, location, wealth quintile and education level (%) - BOTHSEX",38.8098
2023,"Completion rate, by sex, location, wealth quintile and education level (%) - BOTHSEX",42.8571
2023,"Completion rate, by sex, location, wealth quintile and education level (%) - BOTHSEX",27.7435
2023,"Completion rate, by sex, location, wealth quintile and education level (%) - BOTHSEX",50.5689
2023,"Completion rate, by sex, location, wealth quintile and education level (%) - BOTHSEX",11.8938
2000,"Completion rate, by sex, location, wealth quintile and education level (%) - FEMALE",27.83
2000,"Completion rate, by sex, location, wealth quintile and education level (%) - FEMALE",2.99
2000,"Completion rate, by sex, location, wealth quintile and education level (%) - FEMALE",9.09
2002,"Completion rate, by sex, location, wealth quintile and education level (%) - FEMALE",11.0951
2002,"Completion rate, by sex, location, wealth quintile and education level (%) - FEMALE",7.1108
2002,"Completion rate, by sex, location, wealth quintile and education level (%) - FEMALE",28.4744
2002,"Completion rate, by sex, location, wealth quintile and education level (%) - FEMALE",47.7858
2002,"Completion rate, by sex, location, wealth quintile and education level (%) - FEMALE",20.5137
2002,"Completion rate, by sex, location, wealth quintile and education level (%) - FEMALE",11.963
2002,"Completion rate, by sex, location, wealth quintile and education level (%) - FEMALE",2.8216
2002,"Completion rate, by sex, location, wealth quintile and education level (%) - FEMALE",1.7311
2002,"Completion rate, by sex, location, wealth quintile and education level (%) - FEMALE",13.4824
2005,"Completion rate, by sex, location, wealth quintile and education level (%) - FEMALE",12.2276
2005,"Completion rate, by sex, location, wealth quintile and education level (%) - FEMALE",0.0
2005,"Completion rate, by sex, location, wealth quintile and education level (%) - FEMALE",4.109
2005,"Completion rate, by sex, location, wealth quintile and education level (%) - FEMALE",0.0
2005,"Completion rate, by sex, location, wealth quintile and education level (%) - FEMALE",18.8552
2005,"Completion rate, by sex, location, wealth quintile and education level (%) - FEMALE",0.0
2005,"Completion rate, by sex, location, wealth quintile and education level (%) - FEMALE",14.6451
2005,"Completion rate, by sex, location, wealth quintile and education level (%) - FEMALE",0.8162
2005,"Completion rate, by sex, location, wealth quintile and education level (%) - FEMALE",0.0
2005,"Completion rate, by sex, location, wealth quintile and education level (%) - FEMALE",20.4158
2005,"Completion rate, by sex, location, wealth quintile and education level (%) - FEMALE",7.1925
2005,"Completion rate, by sex, location, wealth quintile and education level (%) - FEMALE",21.0553
2005,"Completion rate, by sex, location, wealth quintile and education level (%) - FEMALE",8.1875
2005,"Completion rate, by sex, location, wealth quintile and education level (%) - FEMALE",6.6239
2005,"Completion rate, by sex, location, wealth quintile and education level (%) - FEMALE",0.0
2005,"Completion rate, by sex, location, wealth quintile and education level (%) - FEMALE",0.7201
2005,"Completion rate, by sex, location, wealth quintile and education level (%) - FEMALE",18.9929
2005,"Completion rate, by sex, location, wealth quintile and education level (%) - FEMALE",47.3501
2005,"Completion rate, by sex, location, wealth quintile and education level (%) - FEMALE",0.2104
2005,"Completion rate, by sex, location, wealth quintile and education level (%) - FEMALE",0.0
2005,"Completion rate, by sex, location, wealth quintile and education level (%) - FEMALE",10.8409
2005,"Completion rate, by sex, location, wealth quintile and education level (%) - FEMALE",2.07
2005,"Completion rate, by sex, location, wealth quintile and education level (%) - FEMALE",7.5545
2005,"Completion rate, by sex, location, wealth quintile and education level (%) - FEMALE",1.6966
2005,"Completion rate, by sex, location, wealth quintile and education level (%) - FEMALE",0.0
2005,"Completion rate, by sex, location, wealth quintile and education level (%) - FEMALE",0.0
2005,"Completion rate, by sex, location, wealth quintile and education level (%) - FEMALE",2.4763
2005,"Completion rate, by sex, location, wealth quintile and education level (%) - FEMALE",0.0
2005,"Completion rate, by sex, location, wealth quintile and education level (%) - FEMALE",1.646
2005,"Completion rate, by sex, location, wealth quintile and education level (%) - FEMALE",0.0
2005,"Completion rate, by sex, location, wealth quintile and education level (%) - FEMALE",5.9845
2005,"Completion rate, by sex, location, wealth quintile and education level (%) - FEMALE",0.2833
2005,"Completion rate, by sex, location, wealth quintile and education level (%) - FEMALE",3.6283
2005,"Completion rate, by sex, location, wealth quintile and education level (%) - FEMALE",0.499
2005,"Completion rate, by sex, location, wealth quintile and education level (%) - FEMALE",31.4573
2005,"Completion rate, by sex, location, wealth quintile and education level (%) - FEMALE",12.6808
2005,"Completion rate, by sex, location, wealth quintile and education level (%) - FEMALE",0.276
2005,"Completion rate, by sex, location, wealth quintile and education level (%) - FEMALE",51.9295
2005,"Completion rate, by sex, location, wealth quintile and education level (%) - FEMALE",0.556
2005,"Completion rate, by sex, location, wealth quintile and education level (%) - FEMALE",7.4298
2005,"Completion rate, by sex, location, wealth quintile and education level (%) - FEMALE",28.2182
2005,"Completion rate, by sex, location, wealth quintile and education level (%) - FEMALE",0.2094
2005,"Completion rate, by sex, location, wealth quintile and education level (%) - FEMALE",1.9751
2005,"Completion rate, by sex, location, wealth quintile and education level (%) - FEMALE",17.1257
2005,"Completion rate, by sex, location, wealth quintile and education level (%) - FEMALE",22.2341
2005,"Completion rate, by sex, location, wealth quintile and education level (%) - FEMALE",4.0696
2005,"Completion rate, by sex, location, wealth quintile and education level (%) - FEMALE",0.0
2005,"Completion rate, by sex, location, wealth quintile and education level (%) - FEMALE",24.453
2005,"Completion rate, by sex, location, wealth quintile and education level (%) - FEMALE",3.7199
2005,"Completion rate, by sex, location, wealth quintile and education level (%) - FEMALE",14.4179
2005,"Completion rate, by sex, location, wealth quintile and education level (%) - FEMALE",38.0422
2011,"Completion rate, by sex, location, wealth quintile and education level (%) - FEMALE",25.6741
2011,"Completion rate, by sex, location, wealth quintile and education level (%) - FEMALE",0.1304
2011,"Completion rate, by sex, location, wealth quintile and education level (%) - FEMALE",38.3637
2011,"Completion rate, by sex, location, wealth quintile and education level (%) - FEMALE",41.2304
2011,"Completion rate, by sex, location, wealth quintile and education level (%) - FEMALE",10.5525
2011,"Completion rate, by sex, location, wealth quintile and education level (%) - FEMALE",0.2575
2011,"Completion rate, by sex, location, wealth quintile and education level (%) - FEMALE",1.54
2011,"Completion rate, by sex, location, wealth quintile and education level (%) - FEMALE",73.27
2011,"Completion rate, by sex, location, wealth quintile and education level (%) - FEMALE",23.2263
2011,"Completion rate, by sex, location, wealth quintile and education level (%) - FEMALE",4.5605
2011,"Completion rate, by sex, location, wealth quintile and education level (%) - FEMALE",17.6513
2011,"Completion rate, by sex, location, wealth quintile and education level (%) - FEMALE",38.1554
2011,"Completion rate, by sex, location, wealth quintile and education level (%) - FEMALE",0.2994
2011,"Completion rate, by sex, location, wealth quintile and education level (%) - FEMALE",1.9838
2011,"Completion rate, by sex, location, wealth quintile and education level (%) - FEMALE",22.7122
2011,"Completion rate, by sex, location, wealth quintile and education level (%) - FEMALE",0.5202
2011,"Completion rate, by sex, location, wealth quintile and education level (%) - FEMALE",3.1315
2011,"Completion rate, by sex, location, wealth quintile and education level (%) - FEMALE",0.136
2011,"Completion rate, by sex, location, wealth quintile and education level (%) - FEMALE",19.3558
2011,"Completion rate, by sex, location, wealth quintile and education level (%) - FEMALE",56.3374
2011,"Completion rate, by sex, location, wealth quintile and education level (%) - FEMALE",22.308
2011,"Completion rate, by sex, location, wealth quintile and education level (%) - FEMALE",1.4195
2011,"Completion rate, by sex, location, wealth quintile and education level (%) - FEMALE",16.5842
2011,"Completion rate, by sex, location, wealth quintile and education level (%) - FEMALE",3.8748
2011,"Completion rate, by sex, location, wealth quintile and education level (%) - FEMALE",11.9147
2011,"Completion rate, by sex, location, wealth quintile and education level (%) - FEMALE",5.9919
2011,"Completion rate, by sex, location, wealth quintile and education level (%) - FEMALE",45.6409
2011,"Completion rate, by sex, location, wealth quintile and education level (%) - FEMALE",14.1254
2011,"Completion rate, by sex, location, wealth quintile and education level (%) - FEMALE",3.5412
2011,"Completion rate, by sex, location, wealth quintile and education level (%) - FEMALE",63.8528
2011,"Completion rate, by sex, location, wealth quintile and education level (%) - FEMALE",26.3472
2011,"Completion rate, by sex, location, wealth quintile and education level (%) - FEMALE",2.5217
2011,"Completion rate, by sex, location, wealth quintile and education level (%) - FEMALE",23.415
2011,"Completion rate, by sex, location, wealth quintile and education level (%) - FEMALE",17.895
2011,"Completion rate, by sex, location, wealth quintile and education level (%) - FEMALE",30.1047
2011,"Completion rate, by sex, location, wealth quintile and education level (%) - FEMALE",20.6851
2011,"Completion rate, by sex, location, wealth quintile and education level (%) - FEMALE",55.1334
2011,"Completion rate, by sex, location, wealth quintile and education level (%) - FEMALE",1.5815
2011,"Completion rate, by sex, location, wealth quintile and education level (%) - FEMALE",16.2477
2011,"Completion rate, by sex, location, wealth quintile and education level (%) - FEMALE",44.4036
2011,"Completion rate, by sex, location, wealth quintile and education level (%) - FEMALE",0.0
2011,"Completion rate, by sex, location, wealth quintile and education level (%) - FEMALE",5.7061
2011,"Completion rate, by sex, location, wealth quintile and education level (%) - FEMALE",15.4357
2011,"Completion rate, by sex, location, wealth quintile and education level (%) - FEMALE",0.558
2011,"Completion rate, by sex, location, wealth quintile and education level (%) - FEMALE",0.0
2011,"Completion rate, by sex, location, wealth quintile and education level (%) - FEMALE",3.2691
2011,"Completion rate, by sex, location, wealth quintile and education level (%) - FEMALE",19.3628
2011,"Completion rate, by sex, location, wealth quintile and education level (%) - FEMALE",1.5069
2011,"Completion rate, by sex, location, wealth quintile and education level (%) - FEMALE",15.8491
2011,"Completion rate, by sex, location, wealth quintile and education level (%) - FEMALE",41.7083
2011,"Completion rate, by sex, location, wealth quintile and education level (%) - FEMALE",1.2215
2011,"Completion rate, by sex, location, wealth quintile and education level (%) - FEMALE",33.5762
2011,"Completion rate, by sex, location, wealth quintile and education level (%) - FEMALE",11.1067
2014,"Completion rate, by sex, location, wealth quintile and education level (%) - FEMALE",8.13
2014,"Completion rate, by sex, location, wealth quintile and education level (%) - FEMALE",27.1
2014,"Completion rate, by sex, location, wealth quintile and education level (%) - FEMALE",64.64
2014,"Completion rate, by sex, location, wealth quintile and education level (%) - FEMALE",60.12
2014,"Completion rate, by sex, location, wealth quintile and education level (%) - FEMALE",0.3
2014,"Completion rate, by sex, location, wealth quintile and education level (%) - FEMALE",0.0
2014,"Completion rate, by sex, location, wealth quintile and education level (%) - FEMALE",38.44
2014,"Completion rate, by sex, location, wealth quintile and education level (%) - FEMALE",11.16
2014,"Completion rate, by sex, location, wealth quintile and education level (%) - FEMALE",8.45
2014,"Completion rate, by sex, location, wealth quintile and education level (%) - FEMALE",0.0
2014,"Completion rate, by sex, location, wealth quintile and education level (%) - FEMALE",66.69
2014,"Completion rate, by sex, location, wealth quintile and education level (%) - FEMALE",16.13
2014,"Completion rate, by sex, location, wealth quintile and education level (%) - FEMALE",4.61
2014,"Completion rate, by sex, location, wealth quintile and education level (%) - FEMALE",58.72
2014,"Completion rate, by sex, location, wealth quintile and education level (%) - FEMALE",35.69
2014,"Completion rate, by sex, location, wealth quintile and education level (%) - FEMALE",13.04
2014,"Completion rate, by sex, location, wealth quintile and education level (%) - FEMALE",0.0
2014,"Completion rate, by sex, location, wealth quintile and education level (%) - FEMALE",4.27
2014,"Completion rate, by sex, location, wealth quintile and education level (%) - FEMALE",49.98
2014,"Completion rate, by sex, location, wealth quintile and education level (%) - FEMALE",18.78
2014,"Completion rate, by sex, location, wealth quintile and education level (%) - FEMALE",7.49
2014,"Completion rate, by sex, location, wealth quintile and education level (%) - FEMALE",28.67
2014,"Completion rate, by sex, location, wealth quintile and education level (%) - FEMALE",0.0
2014,"Completion rate, by sex, location, wealth quintile and education level (%) - FEMALE",1.55
2014,"Completion rate, by sex, location, wealth quintile and education level (%) - FEMALE",26.81
2014,"Completion rate, by sex, location, wealth quintile and education level (%) - FEMALE",2.43
2014,"Completion rate, by sex, location, wealth quintile and education level (%) - FEMALE",33.63
2014,"Completion rate, by sex, location, wealth quintile and education level (%) - FEMALE",7.21
2014,"Completion rate, by sex, location, wealth quintile and education level (%) - FEMALE",0.0
2014,"Completion rate, by sex, location, wealth quintile and education level (%) - FEMALE",43.57
2014,"Completion rate, by sex, location, wealth quintile and education level (%) - FEMALE",6.73
2014,"Completion rate, by sex, location, wealth quintile and education level (%) - FEMALE",38.98
2014,"Completion rate, by sex, location, wealth quintile and education level (%) - FEMALE",3.05
2014,"Completion rate, by sex, location, wealth quintile and education level (%) - FEMALE",75.87
2014,"Completion rate, by sex, location, wealth quintile and education level (%) - FEMALE",12.01
2014,"Completion rate, by sex, location, wealth quintile and education level (%) - FEMALE",29.9
2014,"Completion rate, by sex, location, wealth quintile and education level (%) - FEMALE",36.41
2014,"Completion rate, by sex, location, wealth quintile and education level (%) - FEMALE",7.44
2014,"Completion rate, by sex, location, wealth quintile and education level (%) - FEMALE",73.21
2014,"Completion rate, by sex, location, wealth quintile and education level (%) - FEMALE",29.7
2014,"Completion rate, by sex, location, wealth quintile and education level (%) - FEMALE",2.61
2014,"Completion rate, by sex, location, wealth quintile and education level (%) - FEMALE",31.62
2014,"Completion rate, by sex, location, wealth quintile and education level (%) - FEMALE",54.34
2014,"Completion rate, by sex, location, wealth quintile and education level (%) - FEMALE",2.09
2014,"Completion rate, by sex, location, wealth quintile and education level (%) - FEMALE",12.5
2014,"Completion rate, by sex, location, wealth quintile and education level (%) - FEMALE",52.59
2014,"Completion rate, by sex, location, wealth quintile and education level (%) - FEMALE",3.18
2014,"Completion rate, by sex, location, wealth quintile and education level (%) - FEMALE",0.28
2014,"Completion rate, by sex, location, wealth quintile and education level (%) - FEMALE",34.95
2015,"Completion rate, by sex, location, wealth quintile and education level (%) - FEMALE",0.0
2015,"Completion rate, by sex, location, wealth quintile and education level (%) - FEMALE",4.8668
2015,"Completion rate, by sex, location, wealth quintile and education level (%) - FEMALE",28.1411
2015,"Completion rate, by sex, location, wealth quintile and education level (%) - FEMALE",6.6428
2015,"Completion rate, by sex, location, wealth quintile and education level (%) - FEMALE",17.568
2015,"Completion rate, by sex, location, wealth quintile and education level (%) - FEMALE",58.9999
2015,"Completion rate, by sex, location, wealth quintile and education level (%) - FEMALE",7.7314
2015,"Completion rate, by sex, location, wealth quintile and education level (%) - FEMALE",19.2967
2015,"Completion rate, by sex, location, wealth quintile and education level (%) - FEMALE",5.9197
2015,"Completion rate, by sex, location, wealth quintile and education level (%) - FEMALE",32.2816
2015,"Completion rate, by sex, location, wealth quintile and education level (%) - FEMALE",9.2666
2015,"Completion rate, by sex, location, wealth quintile and education level (%) - FEMALE",34.8165
2015,"Completion rate, by sex, location, wealth quintile and education level (%) - FEMALE",58.0124
2015,"Completion rate, by sex, location, wealth quintile and education level (%) - FEMALE",2.9854
2015,"Completion rate, by sex, location, wealth quintile and education level (%) - FEMALE",15.4047
2015,"Completion rate, by sex, location, wealth quintile and education level (%) - FEMALE",50.2729
2015,"Completion rate, by sex, location, wealth quintile and education level (%) - FEMALE",0.9353
2015,"Completion rate, by sex, location, wealth quintile and education level (%) - FEMALE",10.055
2015,"Completion rate, by sex, location, wealth quintile and education level (%) - FEMALE",38.6871
2015,"Completion rate, by sex, location, wealth quintile and education level (%) - FEMALE",2.7501
2015,"Completion rate, by sex, location, wealth quintile and education level (%) - FEMALE",0.0
2015,"Completion rate, by sex, location, wealth quintile and education level (%) - FEMALE",42.8823
2015,"Completion rate, by sex, location, wealth quintile and education level (%) - FEMALE",43.5441
2015,"Completion rate, by sex, location, wealth quintile and education level (%) - FEMALE",65.9915
2015,"Completion rate, by sex, location, wealth quintile and education level (%) - FEMALE",26.9337
2015,"Completion rate, by sex, location, wealth quintile and education level (%) - FEMALE",10.39
2015,"Completion rate, by sex, location, wealth quintile and education level (%) - FEMALE",60.941
2015,"Completion rate, by sex, location, wealth quintile and education level (%) - FEMALE",12.0601
2015,"Completion rate, by sex, location, wealth quintile and education level (%) - FEMALE",35.6021
2015,"Completion rate, by sex, location, wealth quintile and education level (%) - FEMALE",3.29
2015,"Completion rate, by sex, location, wealth quintile and education level (%) - FEMALE",68.9106
2015,"Completion rate, by sex, location, wealth quintile and education level (%) - FEMALE",38.7375
2015,"Completion rate, by sex, location, wealth quintile and education level (%) - FEMALE",17.1738
2015,"Completion rate, by sex, location, wealth quintile and education level (%) - FEMALE",72.48
2015,"Completion rate, by sex, location, wealth quintile and education level (%) - FEMALE",7.3791
2015,"Completion rate, by sex, location, wealth quintile and education level (%) - FEMALE",23.3901
2015,"Completion rate, by sex, location, wealth quintile and education level (%) - FEMALE",65.7924
2015,"Completion rate, by sex, location, wealth quintile and education level (%) - FEMALE",2.2431
2015,"Completion rate, by sex, location, wealth quintile and education level (%) - FEMALE",24.4098
2015,"Completion rate, by sex, location, wealth quintile and education level (%) - FEMALE",7.3057
2015,"Completion rate, by sex, location, wealth quintile and education level (%) - FEMALE",41.2779
2015,"Completion rate, by sex, location, wealth quintile and education level (%) - FEMALE",4.6186
2015,"Completion rate, by sex, location, wealth quintile and education level (%) - FEMALE",27.5916
2015,"Completion rate, by sex, location, wealth quintile and education level (%) - FEMALE",1.2876
2015,"Completion rate, by sex, location, wealth quintile and education level (%) - FEMALE",2.5621
2015,"Completion rate, by sex, location, wealth quintile and education level (%) - FEMALE",50.9582
2015,"Completion rate, by sex, location, wealth quintile and education level (%) - FEMALE",1.2663
2015,"Completion rate, by sex, location, wealth quintile and education level (%) - FEMALE",53.2068
2015,"Completion rate, by sex, location, wealth quintile and education level (%) - FEMALE",2.574
2015,"Completion rate, by sex, location, wealth quintile and education level (%) - FEMALE",18.9037
2015,"Completion rate, by sex, location, wealth quintile and education level (%) - FEMALE",18.4723
2016,"Completion rate, by sex, location, wealth quintile and education level (%) - FEMALE",3.7703
2016,"Completion rate, by sex, location, wealth quintile and education level (%) - FEMALE",12.225
2016,"Completion rate, by sex, location, wealth quintile and education level (%) - FEMALE",54.0707
2016,"Completion rate, by sex, location, wealth quintile and education level (%) - FEMALE",29.2074
2016,"Completion rate, by sex, location, wealth quintile and education level (%) - FEMALE",38.6637
2016,"Completion rate, by sex, location, wealth quintile and education level (%) - FEMALE",7.771
2016,"Completion rate, by sex, location, wealth quintile and education level (%) - FEMALE",1.5016
2016,"Completion rate, by sex, location, wealth quintile and education level (%) - FEMALE",1.6061
2016,"Completion rate, by sex, location, wealth quintile and education level (%) - FEMALE",24.3967
2016,"Completion rate, by sex, location, wealth quintile and education level (%) - FEMALE",3.1615
2016,"Completion rate, by sex, location, wealth quintile and education level (%) - FEMALE",67.868
2016,"Completion rate, by sex, location, wealth quintile and education level (%) - FEMALE",28.0921
2016,"Completion rate, by sex, location, wealth quintile and education level (%) - FEMALE",10.1804
2016,"Completion rate, by sex, location, wealth quintile and education level (%) - FEMALE",65.5947
2016,"Completion rate, by sex, location, wealth quintile and education level (%) - FEMALE",39.5752
2016,"Completion rate, by sex, location, wealth quintile and education level (%) - FEMALE",15.8174
2016,"Completion rate, by sex, location, wealth quintile and education level (%) - FEMALE",37.6024
2016,"Completion rate, by sex, location, wealth quintile and education level (%) - FEMALE",11.7153
2016,"Completion rate, by sex, location, wealth quintile and education level (%) - FEMALE",72.8504
2016,"Completion rate, by sex, location, wealth quintile and education level (%) - FEMALE",39.3109
2016,"Completion rate, by sex, location, wealth quintile and education level (%) - FEMALE",7.1795
2016,"Completion rate, by sex, location, wealth quintile and education level (%) - FEMALE",0.9279
2016,"Completion rate, by sex, location, wealth quintile and education level (%) - FEMALE",52.4961
2016,"Completion rate, by sex, location, wealth quintile and education level (%) - FEMALE",24.7985
2016,"Completion rate, by sex, location, wealth quintile and education level (%) - FEMALE",7.0812
2016,"Completion rate, by sex, location, wealth quintile and education level (%) - FEMALE",70.0149
2016,"Completion rate, by sex, location, wealth quintile and education level (%) - FEMALE",43.368
2016,"Completion rate, by sex, location, wealth quintile and education level (%) - FEMALE",0.0
2016,"Completion rate, by sex, location, wealth quintile and education level (%) - FEMALE",8.9668
2016,"Completion rate, by sex, location, wealth quintile and education level (%) - FEMALE",4.7567
2016,"Completion rate, by sex, location, wealth quintile and education level (%) - FEMALE",36.0888
2016,"Completion rate, by sex, location, wealth quintile and education level (%) - FEMALE",38.4485
2016,"Completion rate, by sex, location, wealth quintile and education level (%) - FEMALE",14.5935
2016,"Completion rate, by sex, location, wealth quintile and education level (%) - FEMALE",0.4668
2016,"Completion rate, by sex, location, wealth quintile and education level (%) - FEMALE",56.0499
2016,"Completion rate, by sex, location, wealth quintile and education level (%) - FEMALE",20.3745
2016,"Completion rate, by sex, location, wealth quintile and education level (%) - FEMALE",3.3763
2016,"Completion rate, by sex, location, wealth quintile and education level (%) - FEMALE",8.4752
2016,"Completion rate, by sex, location, wealth quintile and education level (%) - FEMALE",78.58
2016,"Completion rate, by sex, location, wealth quintile and education level (%) - FEMALE",17.9944
2016,"Completion rate, by sex, location, wealth quintile and education level (%) - FEMALE",44.3022
2016,"Completion rate, by sex, location, wealth quintile and education level (%) - FEMALE",32.0606
2016,"Completion rate, by sex, location, wealth quintile and education level (%) - FEMALE",17.5447
2016,"Completion rate, by sex, location, wealth quintile and education level (%) - FEMALE",58.0591
2016,"Completion rate, by sex, location, wealth quintile and education level (%) - FEMALE",7.1009
2016,"Completion rate, by sex, location, wealth quintile and education level (%) - FEMALE",23.399
2016,"Completion rate, by sex, location, wealth quintile and education level (%) - FEMALE",60.8935
2016,"Completion rate, by sex, location, wealth quintile and education level (%) - FEMALE",24.7099
2016,"Completion rate, by sex, location, wealth quintile and education level (%) - FEMALE",3.9731
2016,"Completion rate, by sex, location, wealth quintile and education level (%) - FEMALE",0.0
2016,"Completion rate, by sex, location, wealth quintile and education level (%) - FEMALE",41.4617
2017,"Completion rate, by sex, location, wealth quintile and education level (%) - FEMALE",0.0
2017,"Completion rate, by sex, location, wealth quintile and education level (%) - FEMALE",41.7674
2017,"Completion rate, by sex, location, wealth quintile and education level (%) - FEMALE",2.3197
2017,"Completion rate, by sex, location, wealth quintile and education level (%) - FEMALE",51.0286
2017,"Completion rate, by sex, location, wealth quintile and education level (%) - FEMALE",22.4192
2017,"Completion rate, by sex, location, wealth quintile and education level (%) - FEMALE",3.578
2017,"Completion rate, by sex, location, wealth quintile and education level (%) - FEMALE",56.8742
2017,"Completion rate, by sex, location, wealth quintile and education level (%) - FEMALE",78.2862
2017,"Completion rate, by sex, location, wealth quintile and education level (%) - FEMALE",9.7488
2017,"Completion rate, by sex, location, wealth quintile and education level (%) - FEMALE",0.0
2017,"Completion rate, by sex, location, wealth quintile and education level (%) - FEMALE",7.8752
2017,"Completion rate, by sex, location, wealth quintile and education level (%) - FEMALE",18.7623
2017,"Completion rate, by sex, location, wealth quintile and education level (%) - FEMALE",47.3581
2017,"Completion rate, by sex, location, wealth quintile and education level (%) - FEMALE",2.0736
2017,"Completion rate, by sex, location, wealth quintile and education level (%) - FEMALE",13.5022
2017,"Completion rate, by sex, location, wealth quintile and education level (%) - FEMALE",41.3479
2017,"Completion rate, by sex, location, wealth quintile and education level (%) - FEMALE",3.0077
2017,"Completion rate, by sex, location, wealth quintile and education level (%) - FEMALE",29.2842
2017,"Completion rate, by sex, location, wealth quintile and education level (%) - FEMALE",0.0
2017,"Completion rate, by sex, location, wealth quintile and education level (%) - FEMALE",49.7626
2017,"Completion rate, by sex, location, wealth quintile and education level (%) - FEMALE",67.3255
2017,"Completion rate, by sex, location, wealth quintile and education level (%) - FEMALE",14.889
2017,"Completion rate, by sex, location, wealth quintile and education level (%) - FEMALE",31.4708
2017,"Completion rate, by sex, location, wealth quintile and education level (%) - FEMALE",7.1961
2017,"Completion rate, by sex, location, wealth quintile and education level (%) - FEMALE",44.0095
2017,"Completion rate, by sex, location, wealth quintile and education level (%) - FEMALE",74.8868
2017,"Completion rate, by sex, location, wealth quintile and education level (%) - FEMALE",13.697
2017,"Completion rate, by sex, location, wealth quintile and education level (%) - FEMALE",37.0144
2017,"Completion rate, by sex, location, wealth quintile and education level (%) - FEMALE",27.194
2017,"Completion rate, by sex, location, wealth quintile and education level (%) - FEMALE",45.8965
2017,"Completion rate, by sex, location, wealth quintile and education level (%) - FEMALE",28.2966
2017,"Completion rate, by sex, location, wealth quintile and education level (%) - FEMALE",4.8006
2017,"Completion rate, by sex, location, wealth quintile and education level (%) - FEMALE",23.484
2017,"Completion rate, by sex, location, wealth quintile and education level (%) - FEMALE",3.0956
2017,"Completion rate, by sex, location, wealth quintile and education level (%) - FEMALE",4.3141
2017,"Completion rate, by sex, location, wealth quintile and education level (%) - FEMALE",24.0401
2017,"Completion rate, by sex, location, wealth quintile and education level (%) - FEMALE",38.0787
2017,"Completion rate, by sex, location, wealth quintile and education level (%) - FEMALE",5.005
2017,"Completion rate, by sex, location, wealth quintile and education level (%) - FEMALE",25.2631
2017,"Completion rate, by sex, location, wealth quintile and education level (%) - FEMALE",10.2876
2017,"Completion rate, by sex, location, wealth quintile and education level (%) - FEMALE",24.5207
2017,"Completion rate, by sex, location, wealth quintile and education level (%) - FEMALE",51.4449
2017,"Completion rate, by sex, location, wealth quintile and education level (%) - FEMALE",33.5624
2017,"Completion rate, by sex, location, wealth quintile and education level (%) - FEMALE",63.1264
2017,"Completion rate, by sex, location, wealth quintile and education level (%) - FEMALE",4.2776
2017,"Completion rate, by sex, location, wealth quintile and education level (%) - FEMALE",27.2556
2017,"Completion rate, by sex, location, wealth quintile and education level (%) - FEMALE",56.5931
2017,"Completion rate, by sex, location, wealth quintile and education level (%) - FEMALE",4.5561
2017,"Completion rate, by sex, location, wealth quintile and education level (%) - FEMALE",36.747
2017,"Completion rate, by sex, location, wealth quintile and education level (%) - FEMALE",27.7361
2017,"Completion rate, by sex, location, wealth quintile and education level (%) - FEMALE",44.2603
2017,"Completion rate, by sex, location, wealth quintile and education level (%) - FEMALE",16.7333
2017,"Completion rate, by sex, location, wealth quintile and education level (%) - FEMALE",19.1684
2017,"Completion rate, by sex, location, wealth quintile and education level (%) - FEMALE",56.7715
2018,"Completion rate, by sex, location, wealth quintile and education level (%) - FEMALE",23.3602
2018,"Completion rate, by sex, location, wealth quintile and education level (%) - FEMALE",65.5416
2018,"Completion rate, by sex, location, wealth quintile and education level (%) - FEMALE",35.7685
2018,"Completion rate, by sex, location, wealth quintile and education level (%) - FEMALE",46.1026
2018,"Completion rate, by sex, location, wealth quintile and education level (%) - FEMALE",69.2416
2018,"Completion rate, by sex, location, wealth quintile and education level (%) - FEMALE",2.981
2018,"Completion rate, by sex, location, wealth quintile and education level (%) - FEMALE",26.7576
2018,"Completion rate, by sex, location, wealth quintile and education level (%) - FEMALE",12.1048
2018,"Completion rate, by sex, location, wealth quintile and education level (%) - FEMALE",39.3169
2018,"Completion rate, by sex, location, wealth quintile and education level (%) - FEMALE",10.7054
2018,"Completion rate, by sex, location, wealth quintile and education level (%) - FEMALE",15.0333
2018,"Completion rate, by sex, location, wealth quintile and education level (%) - FEMALE",66.441
2018,"Completion rate, by sex, location, wealth quintile and education level (%) - FEMALE",38.3863
2018,"Completion rate, by sex, location, wealth quintile and education level (%) - FEMALE",24.3023
2018,"Completion rate, by sex, location, wealth quintile and education level (%) - FEMALE",26.7964
2018,"Completion rate, by sex, location, wealth quintile and education level (%) - FEMALE",63.3062
2018,"Completion rate, by sex, location, wealth quintile and education level (%) - FEMALE",25.0995
2018,"Completion rate, by sex, location, wealth quintile and education level (%) - FEMALE",37.3464
2018,"Completion rate, by sex, location, wealth quintile and education level (%) - FEMALE",16.6866
2018,"Completion rate, by sex, location, wealth quintile and education level (%) - FEMALE",72.3774
2018,"Completion rate, by sex, location, wealth quintile and education level (%) - FEMALE",60.1193
2018,"Completion rate, by sex, location, wealth quintile and education level (%) - FEMALE",47.7319
2018,"Completion rate, by sex, location, wealth quintile and education level (%) - FEMALE",4.8606
2018,"Completion rate, by sex, location, wealth quintile and education level (%) - FEMALE",29.8325
2018,"Completion rate, by sex, location, wealth quintile and education level (%) - FEMALE",51.1905
2018,"Completion rate, by sex, location, wealth quintile and education level (%) - FEMALE",58.1039
2018,"Completion rate, by sex, location, wealth quintile and education level (%) - FEMALE",39.1747
2018,"Completion rate, by sex, location, wealth quintile and education level (%) - FEMALE",4.8412
2018,"Completion rate, by sex, location, wealth quintile and education level (%) - FEMALE",47.5363
2018,"Completion rate, by sex, location, wealth quintile and education level (%) - FEMALE",24.9831
2018,"Completion rate, by sex, location, wealth quintile and education level (%) - FEMALE",1.4141
2018,"Completion rate, by sex, location, wealth quintile and education level (%) - FEMALE",5.0994
2018,"Completion rate, by sex, location, wealth quintile and education level (%) - FEMALE",40.5674
2018,"Completion rate, by sex, location, wealth quintile and education level (%) - FEMALE",20.2028
2018,"Completion rate, by sex, location, wealth quintile and education level (%) - FEMALE",3.0671
2018,"Completion rate, by sex, location, wealth quintile and education level (%) - FEMALE",64.0707
2018,"Completion rate, by sex, location, wealth quintile and education level (%) - FEMALE",22.2697
2018,"Completion rate, by sex, location, wealth quintile and education level (%) - FEMALE",74.7055
2018,"Completion rate, by sex, location, wealth quintile and education level (%) - FEMALE",20.1443
2018,"Completion rate, by sex, location, wealth quintile and education level (%) - FEMALE",35.2012
2018,"Completion rate, by sex, location, wealth quintile and education level (%) - FEMALE",62.455
2018,"Completion rate, by sex, location, wealth quintile and education level (%) - FEMALE",14.1125
2018,"Completion rate, by sex, location, wealth quintile and education level (%) - FEMALE",8.6225
2018,"Completion rate, by sex, location, wealth quintile and education level (%) - FEMALE",20.768
2018,"Completion rate, by sex, location, wealth quintile and education level (%) - FEMALE",14.1523
2018,"Completion rate, by sex, location, wealth quintile and education level (%) - FEMALE",26.9423
2018,"Completion rate, by sex, location, wealth quintile and education level (%) - FEMALE",11.1213
2018,"Completion rate, by sex, location, wealth quintile and education level (%) - FEMALE",42.7457
2019,"Completion rate, by sex, location, wealth quintile and education level (%) - FEMALE",1.3384
2019,"Completion rate, by sex, location, wealth quintile and education level (%) - FEMALE",45.0029
2019,"Completion rate, by sex, location, wealth quintile and education level (%) - FEMALE",31.045
2019,"Completion rate, by sex, location, wealth quintile and education level (%) - FEMALE",4.068
2019,"Completion rate, by sex, location, wealth quintile and education level (%) - FEMALE",47.5699
2019,"Completion rate, by sex, location, wealth quintile and education level (%) - FEMALE",50.4646
2019,"Completion rate, by sex, location, wealth quintile and education level (%) - FEMALE",4.556
2019,"Completion rate, by sex, location, wealth quintile and education level (%) - FEMALE",17.2945
2019,"Completion rate, by sex, location, wealth quintile and education level (%) - FEMALE",39.8947
2019,"Completion rate, by sex, location, wealth quintile and education level (%) - FEMALE",6.2884
2019,"Completion rate, by sex, location, wealth quintile and education level (%) - FEMALE",18.4135
2019,"Completion rate, by sex, location, wealth quintile and education level (%) - FEMALE",38.6444
2019,"Completion rate, by sex, location, wealth quintile and education level (%) - FEMALE",5.0018
2019,"Completion rate, by sex, location, wealth quintile and education level (%) - FEMALE",51.8781
2019,"Completion rate, by sex, location, wealth quintile and education level (%) - FEMALE",4.976
2019,"Completion rate, by sex, location, wealth quintile and education level (%) - FEMALE",40.9218
2019,"Completion rate, by sex, location, wealth quintile and education level (%) - FEMALE",3.3375
2019,"Completion rate, by sex, location, wealth quintile and education level (%) - FEMALE",26.6837
2019,"Completion rate, by sex, location, wealth quintile and education level (%) - FEMALE",9.7177
2019,"Completion rate, by sex, location, wealth quintile and education level (%) - FEMALE",50.659
2019,"Completion rate, by sex, location, wealth quintile and education level (%) - FEMALE",31.0458
2019,"Completion rate, by sex, location, wealth quintile and education level (%) - FEMALE",13.3341
2019,"Completion rate, by sex, location, wealth quintile and education level (%) - FEMALE",58.5028
2019,"Completion rate, by sex, location, wealth quintile and education level (%) - FEMALE",34.0696
2019,"Completion rate, by sex, location, wealth quintile and education level (%) - FEMALE",11.5744
2019,"Completion rate, by sex, location, wealth quintile and education level (%) - FEMALE",77.0919
2019,"Completion rate, by sex, location, wealth quintile and education level (%) - FEMALE",11.4141
2019,"Completion rate, by sex, location, wealth quintile and education level (%) - FEMALE",35.5733
2019,"Completion rate, by sex, location, wealth quintile and education level (%) - FEMALE",23.4559
2019,"Completion rate, by sex, location, wealth quintile and education level (%) - FEMALE",60.992
2019,"Completion rate, by sex, location, wealth quintile and education level (%) - FEMALE",81.0478
2019,"Completion rate, by sex, location, wealth quintile and education level (%) - FEMALE",68.2241
2019,"Completion rate, by sex, location, wealth quintile and education level (%) - FEMALE",26.4575
2019,"Completion rate, by sex, location, wealth quintile and education level (%) - FEMALE",13.8126
2019,"Completion rate, by sex, location, wealth quintile and education level (%) - FEMALE",40.1343
2019,"Completion rate, by sex, location, wealth quintile and education level (%) - FEMALE",68.7386
2019,"Completion rate, by sex, location, wealth quintile and education level (%) - FEMALE",2.7372
2019,"Completion rate, by sex, location, wealth quintile and education level (%) - FEMALE",0.8615
2019,"Completion rate, by sex, location, wealth quintile and education level (%) - FEMALE",13.161
2019,"Completion rate, by sex, location, wealth quintile and education level (%) - FEMALE",37.9639
2019,"Completion rate, by sex, location, wealth quintile and education level (%) - FEMALE",3.2389
2019,"Completion rate, by sex, location, wealth quintile and education level (%) - FEMALE",26.828
2019,"Completion rate, by sex, location, wealth quintile and education level (%) - FEMALE",2.7688
2019,"Completion rate, by sex, location, wealth quintile and education level (%) - FEMALE",68.5206
2019,"Completion rate, by sex, location, wealth quintile and education level (%) - FEMALE",52.1835
2019,"Completion rate, by sex, location, wealth quintile and education level (%) - FEMALE",17.233
2019,"Completion rate, by sex, location, wealth quintile and education level (%) - FEMALE",14.3782
2019,"Completion rate, by sex, location, wealth quintile and education level (%) - FEMALE",56.3031
2019,"Completion rate, by sex, location, wealth quintile and education level (%) - FEMALE",16.7184
2023,"Completion rate, by sex, location, wealth quintile and education level (%) - FEMALE",29.1286
2023,"Completion rate, by sex, location, wealth quintile and education level (%) - FEMALE",41.334
2023,"Completion rate, by sex, location, wealth quintile and education level (%) - FEMALE",22.6659
2023,"Completion rate, by sex, location, wealth quintile and education level (%) - FEMALE",58.2111
2023,"Completion rate, by sex, location, wealth quintile and education level (%) - FEMALE",10.672
2023,"Completion rate, by sex, location, wealth quintile and education level (%) - FEMALE",54.5508
2023,"Completion rate, by sex, location, wealth quintile and education level (%) - FEMALE",24.4536
2023,"Completion rate, by sex, location, wealth quintile and education level (%) - FEMALE",8.314
2023,"Completion rate, by sex, location, wealth quintile and education level (%) - FEMALE",5.5217
2023,"Completion rate, by sex, location, wealth quintile and education level (%) - FEMALE",23.4717
2023,"Completion rate, by sex, location, wealth quintile and education level (%) - FEMALE",10.476
2023,"Completion rate, by sex, location, wealth quintile and education level (%) - FEMALE",60.4371
2023,"Completion rate, by sex, location, wealth quintile and education level (%) - FEMALE",34.1501
2023,"Completion rate, by sex, location, wealth quintile and education level (%) - FEMALE",13.2185
2023,"Completion rate, by sex, location, wealth quintile and education level (%) - FEMALE",33.5686
2023,"Completion rate, by sex, location, wealth quintile and education level (%) - FEMALE",59.9547
2023,"Completion rate, by sex, location, wealth quintile and education level (%) - FEMALE",75.8552
2023,"Completion rate, by sex, location, wealth quintile and education level (%) - FEMALE",55.3344
2023,"Completion rate, by sex, location, wealth quintile and education level (%) - FEMALE",33.0797
2023,"Completion rate, by sex, location, wealth quintile and education level (%) - FEMALE",47.0697
2023,"Completion rate, by sex, location, wealth quintile and education level (%) - FEMALE",72.3592
2023,"Completion rate, by sex, location, wealth quintile and education level (%) - FEMALE",14.0201
2023,"Completion rate, by sex, location, wealth quintile and education level (%) - FEMALE",20.7049
2023,"Completion rate, by sex, location, wealth quintile and education level (%) - FEMALE",31.2494
2023,"Completion rate, by sex, location, wealth quintile and education level (%) - FEMALE",57.5854
2023,"Completion rate, by sex, location, wealth quintile and education level (%) - FEMALE",27.1825
2023,"Completion rate, by sex, location, wealth quintile and education level (%) - FEMALE",32.4053
2023,"Completion rate, by sex, location, wealth quintile and education level (%) - FEMALE",45.4911
2023,"Completion rate, by sex, location, wealth quintile and education level (%) - FEMALE",69.3813
2023,"Completion rate, by sex, location, wealth quintile and education level (%) - FEMALE",56.5533
2023,"Completion rate, by sex, location, wealth quintile and education level (%) - FEMALE",1.8555
2023,"Completion rate, by sex, location, wealth quintile and education level (%) - FEMALE",39.2167
2023,"Completion rate, by sex, location, wealth quintile and education level (%) - FEMALE",10.6129
2023,"Completion rate, by sex, location, wealth quintile and education level (%) - FEMALE",50.3316
2023,"Completion rate, by sex, location, wealth quintile and education level (%) - FEMALE",19.6532
2023,"Completion rate, by sex, location, wealth quintile and education level (%) - FEMALE",0.8034
2023,"Completion rate, by sex, location, wealth quintile and education level (%) - FEMALE",44.9784
2023,"Completion rate, by sex, location, wealth quintile and education level (%) - FEMALE",71.8837
2023,"Completion rate, by sex, location, wealth quintile and education level (%) - FEMALE",42.3072
2023,"Completion rate, by sex, location, wealth quintile and education level (%) - FEMALE",15.5443
2023,"Completion rate, by sex, location, wealth quintile and education level (%) - FEMALE",17.8534
2023,"Completion rate, by sex, location, wealth quintile and education level (%) - FEMALE",8.7017
2023,"Completion rate, by sex, location, wealth quintile and education level (%) - FEMALE",19.1796
2023,"Completion rate, by sex, location, wealth quintile and education level (%) - FEMALE",36.8948
2023,"Completion rate, by sex, location, wealth quintile and education level (%) - FEMALE",66.5189
2023,"Completion rate, by sex, location, wealth quintile and education level (%) - FEMALE",11.8307
2023,"Completion rate, by sex, location, wealth quintile and education level (%) - FEMALE",28.4782
2023,"Completion rate, by sex, location, wealth quintile and education level (%) - FEMALE",52.3732
2023,"Completion rate, by sex, location, wealth quintile and education level (%) - FEMALE",2.0032
2023,"Completion rate, by sex, location, wealth quintile and education level (%) - FEMALE",14.39
2023,"Completion rate, by sex, location, wealth quintile and education level (%) - FEMALE",39.3351
2023,"Completion rate, by sex, location, wealth quintile and education level (%) - FEMALE",10.4919
2023,"Completion rate, by sex, location, wealth quintile and education level (%) - FEMALE",51.5159
2023,"Completion rate, by sex, location, wealth quintile and education level (%) - FEMALE",2.8797
2000,"Completion rate, by sex, location, wealth quintile and education level (%) - MALE",38.57
2000,"Completion rate, by sex, location, wealth quintile and education level (%) - MALE",18.14
2000,"Completion rate, by sex, location, wealth quintile and education level (%) - MALE",10.07
2002,"Completion rate, by sex, location, wealth quintile and education level (%) - MALE",10.6688
2002,"Completion rate, by sex, location, wealth quintile and education level (%) - MALE",6.343
2002,"Completion rate, by sex, location, wealth quintile and education level (%) - MALE",4.3124
2002,"Completion rate, by sex, location, wealth quintile and education level (%) - MALE",17.4835
2002,"Completion rate, by sex, location, wealth quintile and education level (%) - MALE",37.4681
2002,"Completion rate, by sex, location, wealth quintile and education level (%) - MALE",58.1886
2002,"Completion rate, by sex, location, wealth quintile and education level (%) - MALE",29.5099
2002,"Completion rate, by sex, location, wealth quintile and education level (%) - MALE",16.3845
2002,"Completion rate, by sex, location, wealth quintile and education level (%) - MALE",21.7556
2005,"Completion rate, by sex, location, wealth quintile and education level (%) - MALE",1.4777
2005,"Completion rate, by sex, location, wealth quintile and education level (%) - MALE",7.9938
2005,"Completion rate, by sex, location, wealth quintile and education level (%) - MALE",1.7178
2005,"Completion rate, by sex, location, wealth quintile and education level (%) - MALE",0.0
2005,"Completion rate, by sex, location, wealth quintile and education level (%) - MALE",9.6902
2005,"Completion rate, by sex, location, wealth quintile and education level (%) - MALE",4.9486
2005,"Completion rate, by sex, location, wealth quintile and education level (%) - MALE",55.1518
2005,"Completion rate, by sex, location, wealth quintile and education level (%) - MALE",33.357
2005,"Completion rate, by sex, location, wealth quintile and education level (%) - MALE",10.9494
2005,"Completion rate, by sex, location, wealth quintile and education level (%) - MALE",1.9145
2005,"Completion rate, by sex, location, wealth quintile and education level (%) - MALE",52.4665
2005,"Completion rate, by sex, location, wealth quintile and education level (%) - MALE",7.0302
2005,"Completion rate, by sex, location, wealth quintile and education level (%) - MALE",22.2253
2005,"Completion rate, by sex, location, wealth quintile and education level (%) - MALE",43.1921
2005,"Completion rate, by sex, location, wealth quintile and education level (%) - MALE",1.8779
2005,"Completion rate, by sex, location, wealth quintile and education level (%) - MALE",27.8476
2005,"Completion rate, by sex, location, wealth quintile and education level (%) - MALE",12.9382
2005,"Completion rate, by sex, location, wealth quintile and education level (%) - MALE",4.8891
2005,"Completion rate, by sex, location, wealth quintile and education level (%) - MALE",11.045
2005,"Completion rate, by sex, location, wealth quintile and education level (%) - MALE",2.3511
2005,"Completion rate, by sex, location, wealth quintile and education level (%) - MALE",1.401
2005,"Completion rate, by sex, location, wealth quintile and education level (%) - MALE",23.1421
2005,"Completion rate, by sex, location, wealth quintile and education level (%) - MALE",2.9288
2005,"Completion rate, by sex, location, wealth quintile and education level (%) - MALE",1.3616
2005,"Completion rate, by sex, location, wealth quintile and education level (%) - MALE",1.5954
2005,"Completion rate, by sex, location, wealth quintile and education level (%) - MALE",12.2281
2005,"Completion rate, by sex, location, wealth quintile and education level (%) - MALE",2.9441
2005,"Completion rate, by sex, location, wealth quintile and education level (%) - MALE",37.6168
2005,"Completion rate, by sex, location, wealth quintile and education level (%) - MALE",15.6602
2005,"Completion rate, by sex, location, wealth quintile and education level (%) - MALE",13.2362
2005,"Completion rate, by sex, location, wealth quintile and education level (%) - MALE",30.4778
2005,"Completion rate, by sex, location, wealth quintile and education level (%) - MALE",10.5928
2005,"Completion rate, by sex, location, wealth quintile and education level (%) - MALE",35.3132
2005,"Completion rate, by sex, location, wealth quintile and education level (%) - MALE",13.1832
2005,"Completion rate, by sex, location, wealth quintile and education level (%) - MALE",4.3501
2005,"Completion rate, by sex, location, wealth quintile and education level (%) - MALE",23.4446
2005,"Completion rate, by sex, location, wealth quintile and education level (%) - MALE",24.1895
2005,"Completion rate, by sex, location, wealth quintile and education level (%) - MALE",10.0975
2005,"Completion rate, by sex, location, wealth quintile and education level (%) - MALE",0.0
2005,"Completion rate, by sex, location, wealth quintile and education level (%) - MALE",29.6629
2005,"Completion rate, by sex, location, wealth quintile and education level (%) - MALE",6.7006
2005,"Completion rate, by sex, location, wealth quintile and education level (%) - MALE",7.8852
2005,"Completion rate, by sex, location, wealth quintile and education level (%) - MALE",1.6739
2005,"Completion rate, by sex, location, wealth quintile and education level (%) - MALE",2.7472
2005,"Completion rate, by sex, location, wealth quintile and education level (%) - MALE",26.0417
2005,"Completion rate, by sex, location, wealth quintile and education level (%) - MALE",7.5207
2005,"Completion rate, by sex, location, wealth quintile and education level (%) - MALE",0.0
2005,"Completion rate, by sex, location, wealth quintile and education level (%) - MALE",2.5054
2005,"Completion rate, by sex, location, wealth quintile and education level (%) - MALE",24.3547
2005,"Completion rate, by sex, location, wealth quintile and education level (%) - MALE",2.0681
2005,"Completion rate, by sex, location, wealth quintile and education level (%) - MALE",0.0
2011,"Completion rate, by sex, location, wealth quintile and education level (%) - MALE",0.0
2011,"Completion rate, by sex, location, wealth quintile and education level (%) - MALE",14.4823
2011,"Completion rate, by sex, location, wealth quintile and education level (%) - MALE",30.5462
2011,"Completion rate, by sex, location, wealth quintile and education level (%) - MALE",1.3378
2011,"Completion rate, by sex, location, wealth quintile and education level (%) - MALE",19.507
2011,"Completion rate, by sex, location, wealth quintile and education level (%) - MALE",39.5637
2011,"Completion rate, by sex, location, wealth quintile and education level (%) - MALE",4.8647
2011,"Completion rate, by sex, location, wealth quintile and education level (%) - MALE",4.3712
2011,"Completion rate, by sex, location, wealth quintile and education level (%) - MALE",46.8791
2011,"Completion rate, by sex, location, wealth quintile and education level (%) - MALE",5.1227
2011,"Completion rate, by sex, location, wealth quintile and education level (%) - MALE",29.6565
2011,"Completion rate, by sex, location, wealth quintile and education level (%) - MALE",43.8092
2011,"Completion rate, by sex, location, wealth quintile and education level (%) - MALE",51.7032
2011,"Completion rate, by sex, location, wealth quintile and education level (%) - MALE",66.3325
2011,"Completion rate, by sex, location, wealth quintile and education level (%) - MALE",6.5719
2011,"Completion rate, by sex, location, wealth quintile and education level (%) - MALE",20.1199
2011,"Completion rate, by sex, location, wealth quintile and education level (%) - MALE",49.2346
2011,"Completion rate, by sex, location, wealth quintile and education level (%) - MALE",18.1003
2011,"Completion rate, by sex, location, wealth quintile and education level (%) - MALE",7.8027
2011,"Completion rate, by sex, location, wealth quintile and education level (%) - MALE",21.876
2011,"Completion rate, by sex, location, wealth quintile and education level (%) - MALE",54.4881
2011,"Completion rate, by sex, location, wealth quintile and education level (%) - MALE",7.2179
2011,"Completion rate, by sex, location, wealth quintile and education level (%) - MALE",26.2439
2011,"Completion rate, by sex, location, wealth quintile and education level (%) - MALE",1.5291
2011,"Completion rate, by sex, location, wealth quintile and education level (%) - MALE",19.3428
2011,"Completion rate, by sex, location, wealth quintile and education level (%) - MALE",7.9478
2011,"Completion rate, by sex, location, wealth quintile and education level (%) - MALE",18.9311
2011,"Completion rate, by sex, location, wealth quintile and education level (%) - MALE",41.1202
2011,"Completion rate, by sex, location, wealth quintile and education level (%) - MALE",23.3031
2011,"Completion rate, by sex, location, wealth quintile and education level (%) - MALE",25.2019
2011,"Completion rate, by sex, location, wealth quintile and education level (%) - MALE",7.4689
2011,"Completion rate, by sex, location, wealth quintile and education level (%) - MALE",58.4814
2011,"Completion rate, by sex, location, wealth quintile and education level (%) - MALE",30.9569
2011,"Completion rate, by sex, location, wealth quintile and education level (%) - MALE",11.9661
2011,"Completion rate, by sex, location, wealth quintile and education level (%) - MALE",38.0965
2011,"Completion rate, by sex, location, wealth quintile and education level (%) - MALE",26.8211
2011,"Completion rate, by sex, location, wealth quintile and education level (%) - MALE",6.7617
2011,"Completion rate, by sex, location, wealth quintile and education level (%) - MALE",18.869
2011,"Completion rate, by sex, location, wealth quintile and education level (%) - MALE",42.0057
2011,"Completion rate, by sex, location, wealth quintile and education level (%) - MALE",74.588
2011,"Completion rate, by sex, location, wealth quintile and education level (%) - MALE",1.1582
2011,"Completion rate, by sex, location, wealth quintile and education level (%) - MALE",4.3117
2011,"Completion rate, by sex, location, wealth quintile and education level (%) - MALE",30.934
2011,"Completion rate, by sex, location, wealth quintile and education level (%) - MALE",0.9556
2011,"Completion rate, by sex, location, wealth quintile and education level (%) - MALE",3.0013
2011,"Completion rate, by sex, location, wealth quintile and education level (%) - MALE",17.7722
2011,"Completion rate, by sex, location, wealth quintile and education level (%) - MALE",2.1804
2011,"Completion rate, by sex, location, wealth quintile and education level (%) - MALE",11.9678
2011,"Completion rate, by sex, location, wealth quintile and education level (%) - MALE",33.4374
2011,"Completion rate, by sex, location, wealth quintile and education level (%) - MALE",2.0117
2011,"Completion rate, by sex, location, wealth quintile and education level (%) - MALE",8.1631
2011,"Completion rate, by sex, location, wealth quintile and education level (%) - MALE",32.7497
2014,"Completion rate, by sex, location, wealth quintile and education level (%) - MALE",22.14
2014,"Completion rate, by sex, location, wealth quintile and education level (%) - MALE",6.05
2014,"Completion rate, by sex, location, wealth quintile and education level (%) - MALE",53.07
2014,"Completion rate, by sex, location, wealth quintile and education level (%) - MALE",29.11
2014,"Completion rate, by sex, location, wealth quintile and education level (%) - MALE",6.9
2014,"Completion rate, by sex, location, wealth quintile and education level (%) - MALE",85.2
2014,"Completion rate, by sex, location, wealth quintile and education level (%) - MALE",48.68
2014,"Completion rate, by sex, location, wealth quintile and education level (%) - MALE",15.95
2014,"Completion rate, by sex, location, wealth quintile and education level (%) - MALE",35.49
2014,"Completion rate, by sex, location, wealth quintile and education level (%) - MALE",64.71
2014,"Completion rate, by sex, location, wealth quintile and education level (%) - MALE",61.26
2014,"Completion rate, by sex, location, wealth quintile and education level (%) - MALE",24.55
2014,"Completion rate, by sex, location, wealth quintile and education level (%) - MALE",4.84
2014,"Completion rate, by sex, location, wealth quintile and education level (%) - MALE",37.67
2014,"Completion rate, by sex, location, wealth quintile and education level (%) - MALE",18.51
2014,"Completion rate, by sex, location, wealth quintile and education level (%) - MALE",1.22
2014,"Completion rate, by sex, location, wealth quintile and education level (%) - MALE",41.87
2014,"Completion rate, by sex, location, wealth quintile and education level (%) - MALE",13.08
2014,"Completion rate, by sex, location, wealth quintile and education level (%) - MALE",2.0
2014,"Completion rate, by sex, location, wealth quintile and education level (%) - MALE",42.19
2014,"Completion rate, by sex, location, wealth quintile and education level (%) - MALE",15.25
2014,"Completion rate, by sex, location, wealth quintile and education level (%) - MALE",5.19
2014,"Completion rate, by sex, location, wealth quintile and education level (%) - MALE",32.68
2014,"Completion rate, by sex, location, wealth quintile and education level (%) - MALE",8.49
2014,"Completion rate, by sex, location, wealth quintile and education level (%) - MALE",1.02
2014,"Completion rate, by sex, location, wealth quintile and education level (%) - MALE",35.53
2014,"Completion rate, by sex, location, wealth quintile and education level (%) - MALE",9.33
2014,"Completion rate, by sex, location, wealth quintile and education level (%) - MALE",1.11
2014,"Completion rate, by sex, location, wealth quintile and education level (%) - MALE",28.76
2014,"Completion rate, by sex, location, wealth quintile and education level (%) - MALE",17.79
2014,"Completion rate, by sex, location, wealth quintile and education level (%) - MALE",36.54
2014,"Completion rate, by sex, location, wealth quintile and education level (%) - MALE",51.77
2014,"Completion rate, by sex, location, wealth quintile and education level (%) - MALE",30.92
2014,"Completion rate, by sex, location, wealth quintile and education level (%) - MALE",51.08
2014,"Completion rate, by sex, location, wealth quintile and education level (%) - MALE",30.39
2014,"Completion rate, by sex, location, wealth quintile and education level (%) - MALE",6.29
2014,"Completion rate, by sex, location, wealth quintile and education level (%) - MALE",81.31
2014,"Completion rate, by sex, location, wealth quintile and education level (%) - MALE",50.39
2014,"Completion rate, by sex, location, wealth quintile and education level (%) - MALE",27.25
2014,"Completion rate, by sex, location, wealth quintile and education level (%) - MALE",12.09
2014,"Completion rate, by sex, location, wealth quintile and education level (%) - MALE",32.72
2014,"Completion rate, by sex, location, wealth quintile and education level (%) - MALE",10.02
2014,"Completion rate, by sex, location, wealth quintile and education level (%) - MALE",4.13
2014,"Completion rate, by sex, location, wealth quintile and education level (%) - MALE",40.41
2014,"Completion rate, by sex, location, wealth quintile and education level (%) - MALE",2.24
2014,"Completion rate, by sex, location, wealth quintile and education level (%) - MALE",42.57
2015,"Completion rate, by sex, location, wealth quintile and education level (%) - MALE",5.0573
2015,"Completion rate, by sex, location, wealth quintile and education level (%) - MALE",1.4475
2015,"Completion rate, by sex, location, wealth quintile and education level (%) - MALE",20.6333
2015,"Completion rate, by sex, location, wealth quintile and education level (%) - MALE",45.2082
2015,"Completion rate, by sex, location, wealth quintile and education level (%) - MALE",2.6992
2015,"Completion rate, by sex, location, wealth quintile and education level (%) - MALE",13.8954
2015,"Completion rate, by sex, location, wealth quintile and education level (%) - MALE",33.147
2015,"Completion rate, by sex, location, wealth quintile and education level (%) - MALE",10.6192
2015,"Completion rate, by sex, location, wealth quintile and education level (%) - MALE",27.1961
2015,"Completion rate, by sex, location, wealth quintile and education level (%) - MALE",28.3519
2015,"Completion rate, by sex, location, wealth quintile and education level (%) - MALE",63.1589
2015,"Completion rate, by sex, location, wealth quintile and education level (%) - MALE",37.63
2015,"Completion rate, by sex, location, wealth quintile and education level (%) - MALE",16.358
2015,"Completion rate, by sex, location, wealth quintile and education level (%) - MALE",72.2073
2015,"Completion rate, by sex, location, wealth quintile and education level (%) - MALE",17.486
2015,"Completion rate, by sex, location, wealth quintile and education level (%) - MALE",24.0118
2015,"Completion rate, by sex, location, wealth quintile and education level (%) - MALE",58.2192
2015,"Completion rate, by sex, location, wealth quintile and education level (%) - MALE",77.1923
2015,"Completion rate, by sex, location, wealth quintile and education level (%) - MALE",10.0204
2015,"Completion rate, by sex, location, wealth quintile and education level (%) - MALE",40.0994
2015,"Completion rate, by sex, location, wealth quintile and education level (%) - MALE",1.5935
2015,"Completion rate, by sex, location, wealth quintile and education level (%) - MALE",13.8633
2015,"Completion rate, by sex, location, wealth quintile and education level (%) - MALE",33.5069
2015,"Completion rate, by sex, location, wealth quintile and education level (%) - MALE",2.8579
2015,"Completion rate, by sex, location, wealth quintile and education level (%) - MALE",34.7503
2015,"Completion rate, by sex, location, wealth quintile and education level (%) - MALE",19.8473
2015,"Completion rate, by sex, location, wealth quintile and education level (%) - MALE",17.9717
2015,"Completion rate, by sex, location, wealth quintile and education level (%) - MALE",39.6411
2015,"Completion rate, by sex, location, wealth quintile and education level (%) - MALE",1.4949
2015,"Completion rate, by sex, location, wealth quintile and education level (%) - MALE",24.1421
2015,"Completion rate, by sex, location, wealth quintile and education level (%) - MALE",47.3335
2015,"Completion rate, by sex, location, wealth quintile and education level (%) - MALE",6.4213
2015,"Completion rate, by sex, location, wealth quintile and education level (%) - MALE",8.8884
2015,"Completion rate, by sex, location, wealth quintile and education level (%) - MALE",23.9924
2015,"Completion rate, by sex, location, wealth quintile and education level (%) - MALE",52.3047
2015,"Completion rate, by sex, location, wealth quintile and education level (%) - MALE",23.6008
2015,"Completion rate, by sex, location, wealth quintile and education level (%) - MALE",54.6214
2015,"Completion rate, by sex, location, wealth quintile and education level (%) - MALE",37.8205
2015,"Completion rate, by sex, location, wealth quintile and education level (%) - MALE",49.5181
2015,"Completion rate, by sex, location, wealth quintile and education level (%) - MALE",50.3615
2015,"Completion rate, by sex, location, wealth quintile and education level (%) - MALE",3.47
2015,"Completion rate, by sex, location, wealth quintile and education level (%) - MALE",19.1579
2015,"Completion rate, by sex, location, wealth quintile and education level (%) - MALE",36.284
2015,"Completion rate, by sex, location, wealth quintile and education level (%) - MALE",25.7023
2015,"Completion rate, by sex, location, wealth quintile and education level (%) - MALE",57.5472
2015,"Completion rate, by sex, location, wealth quintile and education level (%) - MALE",10.6168
2015,"Completion rate, by sex, location, wealth quintile and education level (%) - MALE",28.0239
2015,"Completion rate, by sex, location, wealth quintile and education level (%) - MALE",3.1047
2015,"Completion rate, by sex, location, wealth quintile and education level (%) - MALE",17.7098
2016,"Completion rate, by sex, location, wealth quintile and education level (%) - MALE",38.7553
2016,"Completion rate, by sex, location, wealth quintile and education level (%) - MALE",10.7137
2016,"Completion rate, by sex, location, wealth quintile and education level (%) - MALE",3.564
2016,"Completion rate, by sex, location, wealth quintile and education level (%) - MALE",27.7211
2016,"Completion rate, by sex, location, wealth quintile and education level (%) - MALE",8.7691
2016,"Completion rate, by sex, location, wealth quintile and education level (%) - MALE",17.074
2016,"Completion rate, by sex, location, wealth quintile and education level (%) - MALE",35.3089
2016,"Completion rate, by sex, location, wealth quintile and education level (%) - MALE",36.7064
2016,"Completion rate, by sex, location, wealth quintile and education level (%) - MALE",24.8901
2016,"Completion rate, by sex, location, wealth quintile and education level (%) - MALE",54.0233
2016,"Completion rate, by sex, location, wealth quintile and education level (%) - MALE",53.3204
2016,"Completion rate, by sex, location, wealth quintile and education level (%) - MALE",26.9548
2016,"Completion rate, by sex, location, wealth quintile and education level (%) - MALE",3.495
2016,"Completion rate, by sex, location, wealth quintile and education level (%) - MALE",59.9012
2016,"Completion rate, by sex, location, wealth quintile and education level (%) - MALE",49.4266
2016,"Completion rate, by sex, location, wealth quintile and education level (%) - MALE",6.8541
2016,"Completion rate, by sex, location, wealth quintile and education level (%) - MALE",52.3623
2016,"Completion rate, by sex, location, wealth quintile and education level (%) - MALE",30.4282
2016,"Completion rate, by sex, location, wealth quintile and education level (%) - MALE",0.612
2016,"Completion rate, by sex, location, wealth quintile and education level (%) - MALE",41.0961
2016,"Completion rate, by sex, location, wealth quintile and education level (%) - MALE",2.9547
2016,"Completion rate, by sex, location, wealth quintile and education level (%) - MALE",24.4654
2016,"Completion rate, by sex, location, wealth quintile and education level (%) - MALE",5.4724
2016,"Completion rate, by sex, location, wealth quintile and education level (%) - MALE",0.636
2016,"Completion rate, by sex, location, wealth quintile and education level (%) - MALE",60.5721
2016,"Completion rate, by sex, location, wealth quintile and education level (%) - MALE",25.6563
2016,"Completion rate, by sex, location, wealth quintile and education level (%) - MALE",14.74
2016,"Completion rate, by sex, location, wealth quintile and education level (%) - MALE",80.7863
2016,"Completion rate, by sex, location, wealth quintile and education level (%) - MALE",36.6971
2016,"Completion rate, by sex, location, wealth quintile and education level (%) - MALE",25.8673
2016,"Completion rate, by sex, location, wealth quintile and education level (%) - MALE",26.5427
2016,"Completion rate, by sex, location, wealth quintile and education level (%) - MALE",13.1479
2016,"Completion rate, by sex, location, wealth quintile and education level (%) - MALE",77.2787
2016,"Completion rate, by sex, location, wealth quintile and education level (%) - MALE",18.4705
2016,"Completion rate, by sex, location, wealth quintile and education level (%) - MALE",30.0407
2016,"Completion rate, by sex, location, wealth quintile and education level (%) - MALE",67.1946
2016,"Completion rate, by sex, location, wealth quintile and education level (%) - MALE",23.8733
2016,"Completion rate, by sex, location, wealth quintile and education level (%) - MALE",12.2384
2016,"Completion rate, by sex, location, wealth quintile and education level (%) - MALE",25.7427
2016,"Completion rate, by sex, location, wealth quintile and education level (%) - MALE",5.833
2016,"Completion rate, by sex, location, wealth quintile and education level (%) - MALE",13.3558
2016,"Completion rate, by sex, location, wealth quintile and education level (%) - MALE",3.5512
2016,"Completion rate, by sex, location, wealth quintile and education level (%) - MALE",46.867
2016,"Completion rate, by sex, location, wealth quintile and education level (%) - MALE",32.9623
2016,"Completion rate, by sex, location, wealth quintile and education level (%) - MALE",5.0842
2016,"Completion rate, by sex, location, wealth quintile and education level (%) - MALE",31.9855
2017,"Completion rate, by sex, location, wealth quintile and education level (%) - MALE",34.6046
2017,"Completion rate, by sex, location, wealth quintile and education level (%) - MALE",7.5019
2017,"Completion rate, by sex, location, wealth quintile and education level (%) - MALE",39.7266
2017,"Completion rate, by sex, location, wealth quintile and education level (%) - MALE",3.7255
2017,"Completion rate, by sex, location, wealth quintile and education level (%) - MALE",30.5384
2017,"Completion rate, by sex, location, wealth quintile and education level (%) - MALE",48.4941
2017,"Completion rate, by sex, location, wealth quintile and education level (%) - MALE",11.147
2017,"Completion rate, by sex, location, wealth quintile and education level (%) - MALE",48.53
2017,"Completion rate, by sex, location, wealth quintile and education level (%) - MALE",50.4702
2017,"Completion rate, by sex, location, wealth quintile and education level (%) - MALE",4.4132
2017,"Completion rate, by sex, location, wealth quintile and education level (%) - MALE",14.565
2017,"Completion rate, by sex, location, wealth quintile and education level (%) - MALE",46.0491
2017,"Completion rate, by sex, location, wealth quintile and education level (%) - MALE",77.6813
2017,"Completion rate, by sex, location, wealth quintile and education level (%) - MALE",18.7725
2017,"Completion rate, by sex, location, wealth quintile and education level (%) - MALE",29.7961
2017,"Completion rate, by sex, location, wealth quintile and education level (%) - MALE",52.6772
2017,"Completion rate, by sex, location, wealth quintile and education level (%) - MALE",26.1958
2017,"Completion rate, by sex, location, wealth quintile and education level (%) - MALE",20.5154
2017,"Completion rate, by sex, location, wealth quintile and education level (%) - MALE",32.2628
2017,"Completion rate, by sex, location, wealth quintile and education level (%) - MALE",57.0808
2017,"Completion rate, by sex, location, wealth quintile and education level (%) - MALE",10.616
2017,"Completion rate, by sex, location, wealth quintile and education level (%) - MALE",35.2658
2017,"Completion rate, by sex, location, wealth quintile and education level (%) - MALE",7.1571
2017,"Completion rate, by sex, location, wealth quintile and education level (%) - MALE",19.1552
2017,"Completion rate, by sex, location, wealth quintile and education level (%) - MALE",11.5569
2017,"Completion rate, by sex, location, wealth quintile and education level (%) - MALE",26.1312
2017,"Completion rate, by sex, location, wealth quintile and education level (%) - MALE",46.961
2017,"Completion rate, by sex, location, wealth quintile and education level (%) - MALE",6.3357
2017,"Completion rate, by sex, location, wealth quintile and education level (%) - MALE",18.3507
2017,"Completion rate, by sex, location, wealth quintile and education level (%) - MALE",8.7958
2017,"Completion rate, by sex, location, wealth quintile and education level (%) - MALE",29.528
2017,"Completion rate, by sex, location, wealth quintile and education level (%) - MALE",14.6742
2017,"Completion rate, by sex, location, wealth quintile and education level (%) - MALE",28.9642
2017,"Completion rate, by sex, location, wealth quintile and education level (%) - MALE",49.9546
2017,"Completion rate, by sex, location, wealth quintile and education level (%) - MALE",37.8743
2017,"Completion rate, by sex, location, wealth quintile and education level (%) - MALE",17.8357
2017,"Completion rate, by sex, location, wealth quintile and education level (%) - MALE",27.211
2017,"Completion rate, by sex, location, wealth quintile and education level (%) - MALE",51.4287
2017,"Completion rate, by sex, location, wealth quintile and education level (%) - MALE",83.9351
2017,"Completion rate, by sex, location, wealth quintile and education level (%) - MALE",25.5759
2017,"Completion rate, by sex, location, wealth quintile and education level (%) - MALE",21.7093
2017,"Completion rate, by sex, location, wealth quintile and education level (%) - MALE",63.1253
2017,"Completion rate, by sex, location, wealth quintile and education level (%) - MALE",49.6632
2017,"Completion rate, by sex, location, wealth quintile and education level (%) - MALE",39.2694
2017,"Completion rate, by sex, location, wealth quintile and education level (%) - MALE",20.7099
2017,"Completion rate, by sex, location, wealth quintile and education level (%) - MALE",6.672
2017,"Completion rate, by sex, location, wealth quintile and education level (%) - MALE",18.8766
2017,"Completion rate, by sex, location, wealth quintile and education level (%) - MALE",38.907
2017,"Completion rate, by sex, location, wealth quintile and education level (%) - MALE",3.579
2017,"Completion rate, by sex, location, wealth quintile and education level (%) - MALE",8.1096
2017,"Completion rate, by sex, location, wealth quintile and education level (%) - MALE",29.7009
2018,"Completion rate, by sex, location, wealth quintile and education level (%) - MALE",5.1884
2018,"Completion rate, by sex, location, wealth quintile and education level (%) - MALE",28.8452
2018,"Completion rate, by sex, location, wealth quintile and education level (%) - MALE",6.3965
2018,"Completion rate, by sex, location, wealth quintile and education level (%) - MALE",59.5339
2018,"Completion rate, by sex, location, wealth quintile and education level (%) - MALE",34.2204
2018,"Completion rate, by sex, location, wealth quintile and education level (%) - MALE",19.8662
2018,"Completion rate, by sex, location, wealth quintile and education level (%) - MALE",34.7779
2018,"Completion rate, by sex, location, wealth quintile and education level (%) - MALE",57.2767
2018,"Completion rate, by sex, location, wealth quintile and education level (%) - MALE",32.7268
2018,"Completion rate, by sex, location, wealth quintile and education level (%) - MALE",19.0352
2018,"Completion rate, by sex, location, wealth quintile and education level (%) - MALE",76.0582
2018,"Completion rate, by sex, location, wealth quintile and education level (%) - MALE",49.6137
2018,"Completion rate, by sex, location, wealth quintile and education level (%) - MALE",32.0539
2018,"Completion rate, by sex, location, wealth quintile and education level (%) - MALE",50.4582
2018,"Completion rate, by sex, location, wealth quintile and education level (%) - MALE",41.5841
2018,"Completion rate, by sex, location, wealth quintile and education level (%) - MALE",22.3006
2018,"Completion rate, by sex, location, wealth quintile and education level (%) - MALE",2.3465
2018,"Completion rate, by sex, location, wealth quintile and education level (%) - MALE",45.5522
2018,"Completion rate, by sex, location, wealth quintile and education level (%) - MALE",16.8119
2018,"Completion rate, by sex, location, wealth quintile and education level (%) - MALE",50.3578
2018,"Completion rate, by sex, location, wealth quintile and education level (%) - MALE",33.1314
2018,"Completion rate, by sex, location, wealth quintile and education level (%) - MALE",12.6004
2018,"Completion rate, by sex, location, wealth quintile and education level (%) - MALE",2.4992
2018,"Completion rate, by sex, location, wealth quintile and education level (%) - MALE",45.045
2018,"Completion rate, by sex, location, wealth quintile and education level (%) - MALE",14.9805
2018,"Completion rate, by sex, location, wealth quintile and education level (%) - MALE",56.611
2018,"Completion rate, by sex, location, wealth quintile and education level (%) - MALE",81.8946
2018,"Completion rate, by sex, location, wealth quintile and education level (%) - MALE",47.3108
2018,"Completion rate, by sex, location, wealth quintile and education level (%) - MALE",36.9269
2018,"Completion rate, by sex, location, wealth quintile and education level (%) - MALE",17.2882
2018,"Completion rate, by sex, location, wealth quintile and education level (%) - MALE",39.3595
2018,"Completion rate, by sex, location, wealth quintile and education level (%) - MALE",47.3102
2018,"Completion rate, by sex, location, wealth quintile and education level (%) - MALE",23.2743
2018,"Completion rate, by sex, location, wealth quintile and education level (%) - MALE",39.2611
2018,"Completion rate, by sex, location, wealth quintile and education level (%) - MALE",40.1398
2018,"Completion rate, by sex, location, wealth quintile and education level (%) - MALE",67.1381
2018,"Completion rate, by sex, location, wealth quintile and education level (%) - MALE",25.9975
2018,"Completion rate, by sex, location, wealth quintile and education level (%) - MALE",45.233
2018,"Completion rate, by sex, location, wealth quintile and education level (%) - MALE",27.8691
2018,"Completion rate, by sex, location, wealth quintile and education level (%) - MALE",15.2624
2018,"Completion rate, by sex, location, wealth quintile and education level (%) - MALE",33.8477
2018,"Completion rate, by sex, location, wealth quintile and education level (%) - MALE",13.61
2018,"Completion rate, by sex, location, wealth quintile and education level (%) - MALE",7.1539
2018,"Completion rate, by sex, location, wealth quintile and education level (%) - MALE",2.1945
2018,"Completion rate, by sex, location, wealth quintile and education level (%) - MALE",36.0492
2018,"Completion rate, by sex, location, wealth quintile and education level (%) - MALE",2.5639
2018,"Completion rate, by sex, location, wealth quintile and education level (%) - MALE",18.3612
2018,"Completion rate, by sex, location, wealth quintile and education level (%) - MALE",7.6395
2018,"Completion rate, by sex, location, wealth quintile and education level (%) - MALE",28.3896
2019,"Completion rate, by sex, location, wealth quintile and education level (%) - MALE",47.7794
2019,"Completion rate, by sex, location, wealth quintile and education level (%) - MALE",17.2474
2019,"Completion rate, by sex, location, wealth quintile and education level (%) - MALE",5.1001
2019,"Completion rate, by sex, location, wealth quintile and education level (%) - MALE",4.9129
2019,"Completion rate, by sex, location, wealth quintile and education level (%) - MALE",22.0336
2019,"Completion rate, by sex, location, wealth quintile and education level (%) - MALE",31.2089
2019,"Completion rate, by sex, location, wealth quintile and education level (%) - MALE",39.2651
2019,"Completion rate, by sex, location, wealth quintile and education level (%) - MALE",8.0314
2019,"Completion rate, by sex, location, wealth quintile and education level (%) - MALE",10.7977
2019,"Completion rate, by sex, location, wealth quintile and education level (%) - MALE",25.9832
2019,"Completion rate, by sex, location, wealth quintile and education level (%) - MALE",19.815
2019,"Completion rate, by sex, location, wealth quintile and education level (%) - MALE",62.566
2019,"Completion rate, by sex, location, wealth quintile and education level (%) - MALE",58.1405
2019,"Completion rate, by sex, location, wealth quintile and education level (%) - MALE",54.033
2019,"Completion rate, by sex, location, wealth quintile and education level (%) - MALE",38.3489
2019,"Completion rate, by sex, location, wealth quintile and education level (%) - MALE",47.2098
2019,"Completion rate, by sex, location, wealth quintile and education level (%) - MALE",33.4785
2019,"Completion rate, by sex, location, wealth quintile and education level (%) - MALE",15.3763
2019,"Completion rate, by sex, location, wealth quintile and education level (%) - MALE",25.1249
2019,"Completion rate, by sex, location, wealth quintile and education level (%) - MALE",50.0556
2019,"Completion rate, by sex, location, wealth quintile and education level (%) - MALE",44.2242
2019,"Completion rate, by sex, location, wealth quintile and education level (%) - MALE",16.3643
2019,"Completion rate, by sex, location, wealth quintile and education level (%) - MALE",34.334
2019,"Completion rate, by sex, location, wealth quintile and education level (%) - MALE",1.9624
2019,"Completion rate, by sex, location, wealth quintile and education level (%) - MALE",10.9136
2019,"Completion rate, by sex, location, wealth quintile and education level (%) - MALE",7.7049
2019,"Completion rate, by sex, location, wealth quintile and education level (%) - MALE",34.9053
2019,"Completion rate, by sex, location, wealth quintile and education level (%) - MALE",7.3988
2019,"Completion rate, by sex, location, wealth quintile and education level (%) - MALE",16.9423
2019,"Completion rate, by sex, location, wealth quintile and education level (%) - MALE",38.5966
2019,"Completion rate, by sex, location, wealth quintile and education level (%) - MALE",3.45
2019,"Completion rate, by sex, location, wealth quintile and education level (%) - MALE",11.5407
2019,"Completion rate, by sex, location, wealth quintile and education level (%) - MALE",27.9286
2019,"Completion rate, by sex, location, wealth quintile and education level (%) - MALE",43.9775
2019,"Completion rate, by sex, location, wealth quintile and education level (%) - MALE",16.2435
2019,"Completion rate, by sex, location, wealth quintile and education level (%) - MALE",71.5267
2019,"Completion rate, by sex, location, wealth quintile and education level (%) - MALE",11.8487
2019,"Completion rate, by sex, location, wealth quintile and education level (%) - MALE",27.2784
2019,"Completion rate, by sex, location, wealth quintile and education level (%) - MALE",52.1196
2019,"Completion rate, by sex, location, wealth quintile and education level (%) - MALE",23.846
2019,"Completion rate, by sex, location, wealth quintile and education level (%) - MALE",25.4164
2019,"Completion rate, by sex, location, wealth quintile and education level (%) - MALE",5.3467
2019,"Completion rate, by sex, location, wealth quintile and education level (%) - MALE",74.9785
2019,"Completion rate, by sex, location, wealth quintile and education level (%) - MALE",13.7284
2019,"Completion rate, by sex, location, wealth quintile and education level (%) - MALE",30.0305
2019,"Completion rate, by sex, location, wealth quintile and education level (%) - MALE",53.5491
2019,"Completion rate, by sex, location, wealth quintile and education level (%) - MALE",9.8328
2019,"Completion rate, by sex, location, wealth quintile and education level (%) - MALE",36.0484
2023,"Completion rate, by sex, location, wealth quintile and education level (%) - MALE",30.5649
2023,"Completion rate, by sex, location, wealth quintile and education level (%) - MALE",14.0243
2023,"Completion rate, by sex, location, wealth quintile and education level (%) - MALE",4.2559
2023,"Completion rate, by sex, location, wealth quintile and education level (%) - MALE",35.9633
2023,"Completion rate, by sex, location, wealth quintile and education level (%) - MALE",21.4735
2023,"Completion rate, by sex, location, wealth quintile and education level (%) - MALE",73.2587
2023,"Completion rate, by sex, location, wealth quintile and education level (%) - MALE",56.8457
2023,"Completion rate, by sex, location, wealth quintile and education level (%) - MALE",39.8372
2023,"Completion rate, by sex, location, wealth quintile and education level (%) - MALE",21.7992
2023,"Completion rate, by sex, location, wealth quintile and education level (%) - MALE",37.1558
2023,"Completion rate, by sex, location, wealth quintile and education level (%) - MALE",23.4142
2023,"Completion rate, by sex, location, wealth quintile and education level (%) - MALE",39.1529
2023,"Completion rate, by sex, location, wealth quintile and education level (%) - MALE",50.5941
2023,"Completion rate, by sex, location, wealth quintile and education level (%) - MALE",49.3334
2023,"Completion rate, by sex, location, wealth quintile and education level (%) - MALE",60.7125
2023,"Completion rate, by sex, location, wealth quintile and education level (%) - MALE",47.3877
2023,"Completion rate, by sex, location, wealth quintile and education level (%) - MALE",30.8123
2023,"Completion rate, by sex, location, wealth quintile and education level (%) - MALE",4.5833
2023,"Completion rate, by sex, location, wealth quintile and education level (%) - MALE",36.6575
2023,"Completion rate, by sex, location, wealth quintile and education level (%) - MALE",20.9075
2023,"Completion rate, by sex, location, wealth quintile and education level (%) - MALE",10.2406
2023,"Completion rate, by sex, location, wealth quintile and education level (%) - MALE",43.095
2023,"Completion rate, by sex, location, wealth quintile and education level (%) - MALE",54.5814
2023,"Completion rate, by sex, location, wealth quintile and education level (%) - MALE",34.3815
2023,"Completion rate, by sex, location, wealth quintile and education level (%) - MALE",4.2747
2023,"Completion rate, by sex, location, wealth quintile and education level (%) - MALE",58.8238
2023,"Completion rate, by sex, location, wealth quintile and education level (%) - MALE",30.274
2023,"Completion rate, by sex, location, wealth quintile and education level (%) - MALE",18.3732
2023,"Completion rate, by sex, location, wealth quintile and education level (%) - MALE",41.3478
2023,"Completion rate, by sex, location, wealth quintile and education level (%) - MALE",35.1539
2023,"Completion rate, by sex, location, wealth quintile and education level (%) - MALE",16.9192
2023,"Completion rate, by sex, location, wealth quintile and education level (%) - MALE",18.6057
2023,"Completion rate, by sex, location, wealth quintile and education level (%) - MALE",6.1738
2023,"Completion rate, by sex, location, wealth quintile and education level (%) - MALE",22.9276
2023,"Completion rate, by sex, location, wealth quintile and education level (%) - MALE",9.9657
2023,"Completion rate, by sex, location, wealth quintile and education level (%) - MALE",55.8802
2023,"Completion rate, by sex, location, wealth quintile and education level (%) - MALE",37.8931
2023,"Completion rate, by sex, location, wealth quintile and education level (%) - MALE",55.3796
2023,"Completion rate, by sex, location, wealth quintile and education level (%) - MALE",30.8245
2023,"Completion rate, by sex, location, wealth quintile and education level (%) - MALE",16.3794
2023,"Completion rate, by sex, location, wealth quintile and education level (%) - MALE",70.0298
2023,"Completion rate, by sex, location, wealth quintile and education level (%) - MALE",17.6428
2023,"Completion rate, by sex, location, wealth quintile and education level (%) - MALE",30.7883
2023,"Completion rate, by sex, location, wealth quintile and education level (%) - MALE",14.2042
2023,"Completion rate, by sex, location, wealth quintile and education level (%) - MALE",8.6229
2023,"Completion rate, by sex, location, wealth quintile and education level (%) - MALE",48.5997
2023,"Completion rate, by sex, location, wealth quintile and education level (%) - MALE",29.2365
2023,"Completion rate, by sex, location, wealth quintile and education level (%) - MALE",11.3097
2023,"Completion rate, by sex, location, wealth quintile and education level (%) - MALE",22.5239
2023,"Completion rate, by sex, location, wealth quintile and education level (%) - MALE",13.348
2023,"Completion rate, by sex, location, wealth quintile and education level (%) - MALE",7.5059
2023,"Completion rate, by sex, location, wealth quintile and education level (%) - MALE",32.7372
2023,"Completion rate, by sex, location, wealth quintile and education level (%) - MALE",45.6855
