Year,Value,Series
2000,16.18,"Completion rate, by sex, location, wealth quintile and education level (%) - BOTHSEX"
2000,63.01,"Completion rate, by sex, location, wealth quintile and education level (%) - BOTHSEX"
2000,27.82,"Completion rate, by sex, location, wealth quintile and education level (%) - BOTHSEX"
2000,23.51,"Completion rate, by sex, location, wealth quintile and education level (%) - BOTHSEX"
2000,5.31,"Completion rate, by sex, location, wealth quintile and education level (%) - BOTHSEX"
2000,3.6,"Completion rate, by sex, location, wealth quintile and education level (%) - BOTHSEX"
2000,0.78,"Completion rate, by sex, location, wealth quintile and education level (%) - BOTHSEX"
2000,14.73,"Completion rate, by sex, location, wealth quintile and education level (%) - BOTHSEX"
2000,11.06,"Completion rate, by sex, location, wealth quintile and education level (%) - BOTHSEX"
2000,2.61,"Completion rate, by sex, location, wealth quintile and education level (%) - BOTHSEX"
2000,1.29,"Completion rate, by sex, location, wealth quintile and education level (%) - BOTHSEX"
2000,42.95,"Completion rate, by sex, location, wealth quintile and education level (%) - BOTHSEX"
2000,15.01,"Completion rate, by sex, location, wealth quintile and education level (%) - BOTHSEX"
2000,4.52,"Completion rate, by sex, location, wealth quintile and education level (%) - BOTHSEX"
2000,0.49,"Completion rate, by sex, location, wealth quintile and education level (%) - BOTHSEX"
2000,12.25,"Completion rate, by sex, location, wealth quintile and education level (%) - BOTHSEX"
2000,3.44,"Completion rate, by sex, location, wealth quintile and education level (%) - BOTHSEX"
2000,1.15,"Completion rate, by sex, location, wealth quintile and education level (%) - BOTHSEX"
2000,13.09,"Completion rate, by sex, location, wealth quintile and education level (%) - BOTHSEX"
2000,5.94,"Completion rate, by sex, location, wealth quintile and education level (%) - BOTHSEX"
2000,32.79,"Completion rate, by sex, location, wealth quintile and education level (%) - BOTHSEX"
2000,22.37,"Completion rate, by sex, location, wealth quintile and education level (%) - BOTHSEX"
2000,54.08,"Completion rate, by sex, location, wealth quintile and education level (%) - BOTHSEX"
2000,11.1,"Completion rate, by sex, location, wealth quintile and education level (%) - BOTHSEX"
2002,14.1689,"Completion rate, by sex, location, wealth quintile and education level (%) - BOTHSEX"
2002,52.7382,"Completion rate, by sex, location, wealth quintile and education level (%) - BOTHSEX"
2002,14.1872,"Completion rate, by sex, location, wealth quintile and education level (%) - BOTHSEX"
2002,17.4695,"Completion rate, by sex, location, wealth quintile and education level (%) - BOTHSEX"
2002,3.0169,"Completion rate, by sex, location, wealth quintile and education level (%) - BOTHSEX"
2002,4.5039,"Completion rate, by sex, location, wealth quintile and education level (%) - BOTHSEX"
2002,24.9309,"Completion rate, by sex, location, wealth quintile and education level (%) - BOTHSEX"
2002,32.7858,"Completion rate, by sex, location, wealth quintile and education level (%) - BOTHSEX"
2002,8.8846,"Completion rate, by sex, location, wealth quintile and education level (%) - BOTHSEX"
2005,10.5401,"Completion rate, by sex, location, wealth quintile and education level (%) - BOTHSEX"
2005,0.0,"Completion rate, by sex, location, wealth quintile and education level (%) - BOTHSEX"
2005,4.8554,"Completion rate, by sex, location, wealth quintile and education level (%) - BOTHSEX"
2005,0.7105,"Completion rate, by sex, location, wealth quintile and education level (%) - BOTHSEX"
2005,9.9951,"Completion rate, by sex, location, wealth quintile and education level (%) - BOTHSEX"
2005,0.5416,"Completion rate, by sex, location, wealth quintile and education level (%) - BOTHSEX"
2005,1.3724,"Completion rate, by sex, location, wealth quintile and education level (%) - BOTHSEX"
2005,9.1855,"Completion rate, by sex, location, wealth quintile and education level (%) - BOTHSEX"
2005,0.0,"Completion rate, by sex, location, wealth quintile and education level (%) - BOTHSEX"
2005,2.328,"Completion rate, by sex, location, wealth quintile and education level (%) - BOTHSEX"
2005,26.9834,"Completion rate, by sex, location, wealth quintile and education level (%) - BOTHSEX"
2005,53.4619,"Completion rate, by sex, location, wealth quintile and education level (%) - BOTHSEX"
2005,13.9874,"Completion rate, by sex, location, wealth quintile and education level (%) - BOTHSEX"
2005,34.5993,"Completion rate, by sex, location, wealth quintile and education level (%) - BOTHSEX"
2005,24.3134,"Completion rate, by sex, location, wealth quintile and education level (%) - BOTHSEX"
2005,18.1206,"Completion rate, by sex, location, wealth quintile and education level (%) - BOTHSEX"
2005,7.7688,"Completion rate, by sex, location, wealth quintile and education level (%) - BOTHSEX"
2005,18.2755,"Completion rate, by sex, location, wealth quintile and education level (%) - BOTHSEX"
2005,2.296,"Completion rate, by sex, location, wealth quintile and education level (%) - BOTHSEX"
2005,20.9863,"Completion rate, by sex, location, wealth quintile and education level (%) - BOTHSEX"
2005,0.0,"Completion rate, by sex, location, wealth quintile and education level (%) - BOTHSEX"
2005,0.5929,"Completion rate, by sex, location, wealth quintile and education level (%) - BOTHSEX"
2005,0.7636,"Completion rate, by sex, location, wealth quintile and education level (%) - BOTHSEX"
2005,1.7371,"Completion rate, by sex, location, wealth quintile and education level (%) - BOTHSEX"
2005,0.971,"Completion rate, by sex, location, wealth quintile and education level (%) - BOTHSEX"
2005,11.8695,"Completion rate, by sex, location, wealth quintile and education level (%) - BOTHSEX"
2005,31.6489,"Completion rate, by sex, location, wealth quintile and education level (%) - BOTHSEX"
2005,1.3515,"Completion rate, by sex, location, wealth quintile and education level (%) - BOTHSEX"
2005,24.4304,"Completion rate, by sex, location, wealth quintile and education level (%) - BOTHSEX"
2005,49.7399,"Completion rate, by sex, location, wealth quintile and education level (%) - BOTHSEX"
2005,8.3191,"Completion rate, by sex, location, wealth quintile and education level (%) - BOTHSEX"
2005,8.7922,"Completion rate, by sex, location, wealth quintile and education level (%) - BOTHSEX"
2005,1.2346,"Completion rate, by sex, location, wealth quintile and education level (%) - BOTHSEX"
2005,0.5589,"Completion rate, by sex, location, wealth quintile and education level (%) - BOTHSEX"
2005,3.301,"Completion rate, by sex, location, wealth quintile and education level (%) - BOTHSEX"
2005,24.8962,"Completion rate, by sex, location, wealth quintile and education level (%) - BOTHSEX"
2005,0.6977,"Completion rate, by sex, location, wealth quintile and education level (%) - BOTHSEX"
2005,4.8173,"Completion rate, by sex, location, wealth quintile and education level (%) - BOTHSEX"
2005,4.598,"Completion rate, by sex, location, wealth quintile and education level (%) - BOTHSEX"
2005,20.9926,"Completion rate, by sex, location, wealth quintile and education level (%) - BOTHSEX"
2005,2.8317,"Completion rate, by sex, location, wealth quintile and education level (%) - BOTHSEX"
2005,0.0,"Completion rate, by sex, location, wealth quintile and education level (%) - BOTHSEX"
2005,7.1859,"Completion rate, by sex, location, wealth quintile and education level (%) - BOTHSEX"
2005,24.5034,"Completion rate, by sex, location, wealth quintile and education level (%) - BOTHSEX"
2005,8.0841,"Completion rate, by sex, location, wealth quintile and education level (%) - BOTHSEX"
2005,1.7654,"Completion rate, by sex, location, wealth quintile and education level (%) - BOTHSEX"
2005,40.5308,"Completion rate, by sex, location, wealth quintile and education level (%) - BOTHSEX"
2005,2.9608,"Completion rate, by sex, location, wealth quintile and education level (%) - BOTHSEX"
2005,3.2093,"Completion rate, by sex, location, wealth quintile and education level (%) - BOTHSEX"
2005,16.6197,"Completion rate, by sex, location, wealth quintile and education level (%) - BOTHSEX"
2005,5.5012,"Completion rate, by sex, location, wealth quintile and education level (%) - BOTHSEX"
2005,2.4989,"Completion rate, by sex, location, wealth quintile and education level (%) - BOTHSEX"
2011,3.012,"Completion rate, by sex, location, wealth quintile and education level (%) - BOTHSEX"
2011,26.6623,"Completion rate, by sex, location, wealth quintile and education level (%) - BOTHSEX"
2011,0.6137,"Completion rate, by sex, location, wealth quintile and education level (%) - BOTHSEX"
2011,11.5213,"Completion rate, by sex, location, wealth quintile and education level (%) - BOTHSEX"
2011,23.2706,"Completion rate, by sex, location, wealth quintile and education level (%) - BOTHSEX"
2011,22.2408,"Completion rate, by sex, location, wealth quintile and education level (%) - BOTHSEX"
2011,4.8333,"Completion rate, by sex, location, wealth quintile and education level (%) - BOTHSEX"
2011,2.8322,"Completion rate, by sex, location, wealth quintile and education level (%) - BOTHSEX"
2011,54.8081,"Completion rate, by sex, location, wealth quintile and education level (%) - BOTHSEX"
2011,4.5032,"Completion rate, by sex, location, wealth quintile and education level (%) - BOTHSEX"
2011,21.4607,"Completion rate, by sex, location, wealth quintile and education level (%) - BOTHSEX"
2011,45.5549,"Completion rate, by sex, location, wealth quintile and education level (%) - BOTHSEX"
2011,22.3809,"Completion rate, by sex, location, wealth quintile and education level (%) - BOTHSEX"
2011,17.9831,"Completion rate, by sex, location, wealth quintile and education level (%) - BOTHSEX"
2011,65.1038,"Completion rate, by sex, location, wealth quintile and education level (%) - BOTHSEX"
2011,31.5499,"Completion rate, by sex, location, wealth quintile and education level (%) - BOTHSEX"
2011,3.1106,"Completion rate, by sex, location, wealth quintile and education level (%) - BOTHSEX"
2011,47.3979,"Completion rate, by sex, location, wealth quintile and education level (%) - BOTHSEX"
2011,40.4234,"Completion rate, by sex, location, wealth quintile and education level (%) - BOTHSEX"
2011,14.9121,"Completion rate, by sex, location, wealth quintile and education level (%) - BOTHSEX"
2011,17.9868,"Completion rate, by sex, location, wealth quintile and education level (%) - BOTHSEX"
2011,2.7292,"Completion rate, by sex, location, wealth quintile and education level (%) - BOTHSEX"
2011,39.7185,"Completion rate, by sex, location, wealth quintile and education level (%) - BOTHSEX"
2011,0.9297,"Completion rate, by sex, location, wealth quintile and education level (%) - BOTHSEX"
2011,4.3823,"Completion rate, by sex, location, wealth quintile and education level (%) - BOTHSEX"
2011,19.8677,"Completion rate, by sex, location, wealth quintile and education level (%) - BOTHSEX"
2011,41.3819,"Completion rate, by sex, location, wealth quintile and education level (%) - BOTHSEX"
2011,57.3883,"Completion rate, by sex, location, wealth quintile and education level (%) - BOTHSEX"
2011,26.3457,"Completion rate, by sex, location, wealth quintile and education level (%) - BOTHSEX"
2011,42.656,"Completion rate, by sex, location, wealth quintile and education level (%) - BOTHSEX"
2011,3.677,"Completion rate, by sex, location, wealth quintile and education level (%) - BOTHSEX"
2011,2.5275,"Completion rate, by sex, location, wealth quintile and education level (%) - BOTHSEX"
2011,6.195,"Completion rate, by sex, location, wealth quintile and education level (%) - BOTHSEX"
2011,19.5103,"Completion rate, by sex, location, wealth quintile and education level (%) - BOTHSEX"
2011,73.9379,"Completion rate, by sex, location, wealth quintile and education level (%) - BOTHSEX"
2011,35.4625,"Completion rate, by sex, location, wealth quintile and education level (%) - BOTHSEX"
2011,16.7483,"Completion rate, by sex, location, wealth quintile and education level (%) - BOTHSEX"
2011,5.0075,"Completion rate, by sex, location, wealth quintile and education level (%) - BOTHSEX"
2011,0.5984,"Completion rate, by sex, location, wealth quintile and education level (%) - BOTHSEX"
2011,29.0426,"Completion rate, by sex, location, wealth quintile and education level (%) - BOTHSEX"
2011,5.7883,"Completion rate, by sex, location, wealth quintile and education level (%) - BOTHSEX"
2011,0.9374,"Completion rate, by sex, location, wealth quintile and education level (%) - BOTHSEX"
2011,6.8495,"Completion rate, by sex, location, wealth quintile and education level (%) - BOTHSEX"
2011,15.0896,"Completion rate, by sex, location, wealth quintile and education level (%) - BOTHSEX"
2011,1.6031,"Completion rate, by sex, location, wealth quintile and education level (%) - BOTHSEX"
2011,16.6342,"Completion rate, by sex, location, wealth quintile and education level (%) - BOTHSEX"
2011,0.4513,"Completion rate, by sex, location, wealth quintile and education level (%) - BOTHSEX"
2011,25.0928,"Completion rate, by sex, location, wealth quintile and education level (%) - BOTHSEX"
2011,0.0,"Completion rate, by sex, location, wealth quintile and education level (%) - BOTHSEX"
2011,24.3019,"Completion rate, by sex, location, wealth quintile and education level (%) - BOTHSEX"
2011,1.7958,"Completion rate, by sex, location, wealth quintile and education level (%) - BOTHSEX"
2011,8.0883,"Completion rate, by sex, location, wealth quintile and education level (%) - BOTHSEX"
2011,35.7895,"Completion rate, by sex, location, wealth quintile and education level (%) - BOTHSEX"
2011,8.5437,"Completion rate, by sex, location, wealth quintile and education level (%) - BOTHSEX"
2014,7.69,"Completion rate, by sex, location, wealth quintile and education level (%) - BOTHSEX"
2014,50.17,"Completion rate, by sex, location, wealth quintile and education level (%) - BOTHSEX"
2014,5.98,"Completion rate, by sex, location, wealth quintile and education level (%) - BOTHSEX"
2014,30.65,"Completion rate, by sex, location, wealth quintile and education level (%) - BOTHSEX"
2014,15.31,"Completion rate, by sex, location, wealth quintile and education level (%) - BOTHSEX"
2014,47.27,"Completion rate, by sex, location, wealth quintile and education level (%) - BOTHSEX"
2014,0.73,"Completion rate, by sex, location, wealth quintile and education level (%) - BOTHSEX"
2014,21.7,"Completion rate, by sex, location, wealth quintile and education level (%) - BOTHSEX"
2014,37.55,"Completion rate, by sex, location, wealth quintile and education level (%) - BOTHSEX"
2014,80.58,"Completion rate, by sex, location, wealth quintile and education level (%) - BOTHSEX"
2014,32.77,"Completion rate, by sex, location, wealth quintile and education level (%) - BOTHSEX"
2014,4.97,"Completion rate, by sex, location, wealth quintile and education level (%) - BOTHSEX"
2014,2.28,"Completion rate, by sex, location, wealth quintile and education level (%) - BOTHSEX"
2014,30.63,"Completion rate, by sex, location, wealth quintile and education level (%) - BOTHSEX"
2014,64.68,"Completion rate, by sex, location, wealth quintile and education level (%) - BOTHSEX"
2014,31.47,"Completion rate, by sex, location, wealth quintile and education level (%) - BOTHSEX"
2014,49.5,"Completion rate, by sex, location, wealth quintile and education level (%) - BOTHSEX"
2014,52.61,"Completion rate, by sex, location, wealth quintile and education level (%) - BOTHSEX"
2014,25.14,"Completion rate, by sex, location, wealth quintile and education level (%) - BOTHSEX"
2014,11.22,"Completion rate, by sex, location, wealth quintile and education level (%) - BOTHSEX"
2014,20.38,"Completion rate, by sex, location, wealth quintile and education level (%) - BOTHSEX"
2014,0.88,"Completion rate, by sex, location, wealth quintile and education level (%) - BOTHSEX"
2014,40.18,"Completion rate, by sex, location, wealth quintile and education level (%) - BOTHSEX"
2014,0.0,"Completion rate, by sex, location, wealth quintile and education level (%) - BOTHSEX"
2014,12.24,"Completion rate, by sex, location, wealth quintile and education level (%) - BOTHSEX"
2014,2.9,"Completion rate, by sex, location, wealth quintile and education level (%) - BOTHSEX"
2014,36.47,"Completion rate, by sex, location, wealth quintile and education level (%) - BOTHSEX"
2014,0.57,"Completion rate, by sex, location, wealth quintile and education level (%) - BOTHSEX"
2014,29.71,"Completion rate, by sex, location, wealth quintile and education level (%) - BOTHSEX"
2014,4.93,"Completion rate, by sex, location, wealth quintile and education level (%) - BOTHSEX"
2014,22.51,"Completion rate, by sex, location, wealth quintile and education level (%) - BOTHSEX"
2014,10.04,"Completion rate, by sex, location, wealth quintile and education level (%) - BOTHSEX"
2014,38.43,"Completion rate, by sex, location, wealth quintile and education level (%) - BOTHSEX"
2014,0.64,"Completion rate, by sex, location, wealth quintile and education level (%) - BOTHSEX"
2014,4.38,"Completion rate, by sex, location, wealth quintile and education level (%) - BOTHSEX"
2014,31.07,"Completion rate, by sex, location, wealth quintile and education level (%) - BOTHSEX"
2014,52.86,"Completion rate, by sex, location, wealth quintile and education level (%) - BOTHSEX"
2014,2.94,"Completion rate, by sex, location, wealth quintile and education level (%) - BOTHSEX"
2014,39.04,"Completion rate, by sex, location, wealth quintile and education level (%) - BOTHSEX"
2014,77.08,"Completion rate, by sex, location, wealth quintile and education level (%) - BOTHSEX"
2014,14.74,"Completion rate, by sex, location, wealth quintile and education level (%) - BOTHSEX"
2014,50.2,"Completion rate, by sex, location, wealth quintile and education level (%) - BOTHSEX"
2014,53.96,"Completion rate, by sex, location, wealth quintile and education level (%) - BOTHSEX"
2014,18.78,"Completion rate, by sex, location, wealth quintile and education level (%) - BOTHSEX"
2014,5.24,"Completion rate, by sex, location, wealth quintile and education level (%) - BOTHSEX"
2014,56.12,"Completion rate, by sex, location, wealth quintile and education level (%) - BOTHSEX"
2014,1.85,"Completion rate, by sex, location, wealth quintile and education level (%) - BOTHSEX"
2014,47.19,"Completion rate, by sex, location, wealth quintile and education level (%) - BOTHSEX"
2014,0.38,"Completion rate, by sex, location, wealth quintile and education level (%) - BOTHSEX"
2014,34.59,"Completion rate, by sex, location, wealth quintile and education level (%) - BOTHSEX"
2014,8.22,"Completion rate, by sex, location, wealth quintile and education level (%) - BOTHSEX"
2014,11.81,"Completion rate, by sex, location, wealth quintile and education level (%) - BOTHSEX"
2014,42.97,"Completion rate, by sex, location, wealth quintile and education level (%) - BOTHSEX"
2014,22.88,"Completion rate, by sex, location, wealth quintile and education level (%) - BOTHSEX"
2015,36.9953,"Completion rate, by sex, location, wealth quintile and education level (%) - BOTHSEX"
2015,2.2613,"Completion rate, by sex, location, wealth quintile and education level (%) - BOTHSEX"
2015,13.7406,"Completion rate, by sex, location, wealth quintile and education level (%) - BOTHSEX"
2015,5.2116,"Completion rate, by sex, location, wealth quintile and education level (%) - BOTHSEX"
2015,64.5753,"Completion rate, by sex, location, wealth quintile and education level (%) - BOTHSEX"
2015,31.7827,"Completion rate, by sex, location, wealth quintile and education level (%) - BOTHSEX"
2015,3.5543,"Completion rate, by sex, location, wealth quintile and education level (%) - BOTHSEX"
2015,15.3207,"Completion rate, by sex, location, wealth quintile and education level (%) - BOTHSEX"
2015,1.8314,"Completion rate, by sex, location, wealth quintile and education level (%) - BOTHSEX"
2015,8.6804,"Completion rate, by sex, location, wealth quintile and education level (%) - BOTHSEX"
2015,24.2993,"Completion rate, by sex, location, wealth quintile and education level (%) - BOTHSEX"
2015,74.9771,"Completion rate, by sex, location, wealth quintile and education level (%) - BOTHSEX"
2015,55.981,"Completion rate, by sex, location, wealth quintile and education level (%) - BOTHSEX"
2015,21.1194,"Completion rate, by sex, location, wealth quintile and education level (%) - BOTHSEX"
2015,7.3067,"Completion rate, by sex, location, wealth quintile and education level (%) - BOTHSEX"
2015,0.6257,"Completion rate, by sex, location, wealth quintile and education level (%) - BOTHSEX"
2015,41.5582,"Completion rate, by sex, location, wealth quintile and education level (%) - BOTHSEX"
2015,50.2487,"Completion rate, by sex, location, wealth quintile and education level (%) - BOTHSEX"
2015,8.4433,"Completion rate, by sex, location, wealth quintile and education level (%) - BOTHSEX"
2015,21.8719,"Completion rate, by sex, location, wealth quintile and education level (%) - BOTHSEX"
2015,8.7809,"Completion rate, by sex, location, wealth quintile and education level (%) - BOTHSEX"
2015,30.5547,"Completion rate, by sex, location, wealth quintile and education level (%) - BOTHSEX"
2015,47.9249,"Completion rate, by sex, location, wealth quintile and education level (%) - BOTHSEX"
2015,17.657,"Completion rate, by sex, location, wealth quintile and education level (%) - BOTHSEX"
2015,12.3242,"Completion rate, by sex, location, wealth quintile and education level (%) - BOTHSEX"
2015,40.6799,"Completion rate, by sex, location, wealth quintile and education level (%) - BOTHSEX"
2015,1.9045,"Completion rate, by sex, location, wealth quintile and education level (%) - BOTHSEX"
2015,31.936,"Completion rate, by sex, location, wealth quintile and education level (%) - BOTHSEX"
2015,14.1618,"Completion rate, by sex, location, wealth quintile and education level (%) - BOTHSEX"
2015,12.0673,"Completion rate, by sex, location, wealth quintile and education level (%) - BOTHSEX"
2015,33.63,"Completion rate, by sex, location, wealth quintile and education level (%) - BOTHSEX"
2015,15.5847,"Completion rate, by sex, location, wealth quintile and education level (%) - BOTHSEX"
2015,62.0191,"Completion rate, by sex, location, wealth quintile and education level (%) - BOTHSEX"
2015,7.035,"Completion rate, by sex, location, wealth quintile and education level (%) - BOTHSEX"
2015,26.2833,"Completion rate, by sex, location, wealth quintile and education level (%) - BOTHSEX"
2015,54.1992,"Completion rate, by sex, location, wealth quintile and education level (%) - BOTHSEX"
2015,48.1394,"Completion rate, by sex, location, wealth quintile and education level (%) - BOTHSEX"
2015,45.4539,"Completion rate, by sex, location, wealth quintile and education level (%) - BOTHSEX"
2015,20.1512,"Completion rate, by sex, location, wealth quintile and education level (%) - BOTHSEX"
2015,70.6303,"Completion rate, by sex, location, wealth quintile and education level (%) - BOTHSEX"
2015,42.1916,"Completion rate, by sex, location, wealth quintile and education level (%) - BOTHSEX"
2015,4.3493,"Completion rate, by sex, location, wealth quintile and education level (%) - BOTHSEX"
2015,12.8013,"Completion rate, by sex, location, wealth quintile and education level (%) - BOTHSEX"
2015,1.8937,"Completion rate, by sex, location, wealth quintile and education level (%) - BOTHSEX"
2015,50.4032,"Completion rate, by sex, location, wealth quintile and education level (%) - BOTHSEX"
2015,21.3571,"Completion rate, by sex, location, wealth quintile and education level (%) - BOTHSEX"
2015,30.6503,"Completion rate, by sex, location, wealth quintile and education level (%) - BOTHSEX"
2015,8.9635,"Completion rate, by sex, location, wealth quintile and education level (%) - BOTHSEX"
2015,0.6628,"Completion rate, by sex, location, wealth quintile and education level (%) - BOTHSEX"
2015,38.2913,"Completion rate, by sex, location, wealth quintile and education level (%) - BOTHSEX"
2015,1.9339,"Completion rate, by sex, location, wealth quintile and education level (%) - BOTHSEX"
2015,12.8937,"Completion rate, by sex, location, wealth quintile and education level (%) - BOTHSEX"
2015,21.0764,"Completion rate, by sex, location, wealth quintile and education level (%) - BOTHSEX"
2016,13.8977,"Completion rate, by sex, location, wealth quintile and education level (%) - BOTHSEX"
2016,2.1369,"Completion rate, by sex, location, wealth quintile and education level (%) - BOTHSEX"
2016,36.4853,"Completion rate, by sex, location, wealth quintile and education level (%) - BOTHSEX"
2016,0.2623,"Completion rate, by sex, location, wealth quintile and education level (%) - BOTHSEX"
2016,24.4309,"Completion rate, by sex, location, wealth quintile and education level (%) - BOTHSEX"
2016,26.5349,"Completion rate, by sex, location, wealth quintile and education level (%) - BOTHSEX"
2016,56.5382,"Completion rate, by sex, location, wealth quintile and education level (%) - BOTHSEX"
2016,2.013,"Completion rate, by sex, location, wealth quintile and education level (%) - BOTHSEX"
2016,15.7717,"Completion rate, by sex, location, wealth quintile and education level (%) - BOTHSEX"
2016,41.2793,"Completion rate, by sex, location, wealth quintile and education level (%) - BOTHSEX"
2016,74.7579,"Completion rate, by sex, location, wealth quintile and education level (%) - BOTHSEX"
2016,20.228,"Completion rate, by sex, location, wealth quintile and education level (%) - BOTHSEX"
2016,41.1148,"Completion rate, by sex, location, wealth quintile and education level (%) - BOTHSEX"
2016,79.5731,"Completion rate, by sex, location, wealth quintile and education level (%) - BOTHSEX"
2016,27.9072,"Completion rate, by sex, location, wealth quintile and education level (%) - BOTHSEX"
2016,9.5323,"Completion rate, by sex, location, wealth quintile and education level (%) - BOTHSEX"
2016,63.2766,"Completion rate, by sex, location, wealth quintile and education level (%) - BOTHSEX"
2016,15.198,"Completion rate, by sex, location, wealth quintile and education level (%) - BOTHSEX"
2016,47.2893,"Completion rate, by sex, location, wealth quintile and education level (%) - BOTHSEX"
2016,22.0728,"Completion rate, by sex, location, wealth quintile and education level (%) - BOTHSEX"
2016,38.6046,"Completion rate, by sex, location, wealth quintile and education level (%) - BOTHSEX"
2016,25.488,"Completion rate, by sex, location, wealth quintile and education level (%) - BOTHSEX"
2016,51.4082,"Completion rate, by sex, location, wealth quintile and education level (%) - BOTHSEX"
2016,15.0795,"Completion rate, by sex, location, wealth quintile and education level (%) - BOTHSEX"
2016,34.3402,"Completion rate, by sex, location, wealth quintile and education level (%) - BOTHSEX"
2016,4.1398,"Completion rate, by sex, location, wealth quintile and education level (%) - BOTHSEX"
2016,24.404,"Completion rate, by sex, location, wealth quintile and education level (%) - BOTHSEX"
2016,9.3457,"Completion rate, by sex, location, wealth quintile and education level (%) - BOTHSEX"
2016,51.0244,"Completion rate, by sex, location, wealth quintile and education level (%) - BOTHSEX"
2016,4.7685,"Completion rate, by sex, location, wealth quintile and education level (%) - BOTHSEX"
2016,25.2305,"Completion rate, by sex, location, wealth quintile and education level (%) - BOTHSEX"
2016,0.2547,"Completion rate, by sex, location, wealth quintile and education level (%) - BOTHSEX"
2016,9.7035,"Completion rate, by sex, location, wealth quintile and education level (%) - BOTHSEX"
2016,29.7027,"Completion rate, by sex, location, wealth quintile and education level (%) - BOTHSEX"
2016,56.2313,"Completion rate, by sex, location, wealth quintile and education level (%) - BOTHSEX"
2016,6.9939,"Completion rate, by sex, location, wealth quintile and education level (%) - BOTHSEX"
2016,38.2485,"Completion rate, by sex, location, wealth quintile and education level (%) - BOTHSEX"
2016,33.1998,"Completion rate, by sex, location, wealth quintile and education level (%) - BOTHSEX"
2016,11.1872,"Completion rate, by sex, location, wealth quintile and education level (%) - BOTHSEX"
2016,3.4301,"Completion rate, by sex, location, wealth quintile and education level (%) - BOTHSEX"
2016,28.3704,"Completion rate, by sex, location, wealth quintile and education level (%) - BOTHSEX"
2016,53.7305,"Completion rate, by sex, location, wealth quintile and education level (%) - BOTHSEX"
2016,63.7446,"Completion rate, by sex, location, wealth quintile and education level (%) - BOTHSEX"
2016,2.5333,"Completion rate, by sex, location, wealth quintile and education level (%) - BOTHSEX"
2016,34.824,"Completion rate, by sex, location, wealth quintile and education level (%) - BOTHSEX"
2016,68.6888,"Completion rate, by sex, location, wealth quintile and education level (%) - BOTHSEX"
2016,3.0565,"Completion rate, by sex, location, wealth quintile and education level (%) - BOTHSEX"
2016,18.1184,"Completion rate, by sex, location, wealth quintile and education level (%) - BOTHSEX"
2016,43.4155,"Completion rate, by sex, location, wealth quintile and education level (%) - BOTHSEX"
2016,1.7226,"Completion rate, by sex, location, wealth quintile and education level (%) - BOTHSEX"
2016,12.9056,"Completion rate, by sex, location, wealth quintile and education level (%) - BOTHSEX"
2016,4.8915,"Completion rate, by sex, location, wealth quintile and education level (%) - BOTHSEX"
2017,40.0014,"Completion rate, by sex, location, wealth quintile and education level (%) - BOTHSEX"
2017,15.9376,"Completion rate, by sex, location, wealth quintile and education level (%) - BOTHSEX"
2017,3.955,"Completion rate, by sex, location, wealth quintile and education level (%) - BOTHSEX"
2017,42.5714,"Completion rate, by sex, location, wealth quintile and education level (%) - BOTHSEX"
2017,15.841,"Completion rate, by sex, location, wealth quintile and education level (%) - BOTHSEX"
2017,31.2907,"Completion rate, by sex, location, wealth quintile and education level (%) - BOTHSEX"
2017,49.7107,"Completion rate, by sex, location, wealth quintile and education level (%) - BOTHSEX"
2017,17.0108,"Completion rate, by sex, location, wealth quintile and education level (%) - BOTHSEX"
2017,7.2183,"Completion rate, by sex, location, wealth quintile and education level (%) - BOTHSEX"
2017,31.2441,"Completion rate, by sex, location, wealth quintile and education level (%) - BOTHSEX"
2017,53.3006,"Completion rate, by sex, location, wealth quintile and education level (%) - BOTHSEX"
2017,45.1307,"Completion rate, by sex, location, wealth quintile and education level (%) - BOTHSEX"
2017,20.9385,"Completion rate, by sex, location, wealth quintile and education level (%) - BOTHSEX"
2017,3.2353,"Completion rate, by sex, location, wealth quintile and education level (%) - BOTHSEX"
2017,26.8013,"Completion rate, by sex, location, wealth quintile and education level (%) - BOTHSEX"
2017,76.0494,"Completion rate, by sex, location, wealth quintile and education level (%) - BOTHSEX"
2017,46.8297,"Completion rate, by sex, location, wealth quintile and education level (%) - BOTHSEX"
2017,7.147,"Completion rate, by sex, location, wealth quintile and education level (%) - BOTHSEX"
2017,4.0182,"Completion rate, by sex, location, wealth quintile and education level (%) - BOTHSEX"
2017,49.7255,"Completion rate, by sex, location, wealth quintile and education level (%) - BOTHSEX"
2017,26.2313,"Completion rate, by sex, location, wealth quintile and education level (%) - BOTHSEX"
2017,27.463,"Completion rate, by sex, location, wealth quintile and education level (%) - BOTHSEX"
2017,6.7467,"Completion rate, by sex, location, wealth quintile and education level (%) - BOTHSEX"
2017,37.4574,"Completion rate, by sex, location, wealth quintile and education level (%) - BOTHSEX"
2017,4.8269,"Completion rate, by sex, location, wealth quintile and education level (%) - BOTHSEX"
2017,15.5702,"Completion rate, by sex, location, wealth quintile and education level (%) - BOTHSEX"
2017,7.0903,"Completion rate, by sex, location, wealth quintile and education level (%) - BOTHSEX"
2017,36.6702,"Completion rate, by sex, location, wealth quintile and education level (%) - BOTHSEX"
2017,21.7081,"Completion rate, by sex, location, wealth quintile and education level (%) - BOTHSEX"
2017,47.1606,"Completion rate, by sex, location, wealth quintile and education level (%) - BOTHSEX"
2017,22.0472,"Completion rate, by sex, location, wealth quintile and education level (%) - BOTHSEX"
2017,18.5361,"Completion rate, by sex, location, wealth quintile and education level (%) - BOTHSEX"
2017,65.3909,"Completion rate, by sex, location, wealth quintile and education level (%) - BOTHSEX"
2017,38.0136,"Completion rate, by sex, location, wealth quintile and education level (%) - BOTHSEX"
2017,5.5649,"Completion rate, by sex, location, wealth quintile and education level (%) - BOTHSEX"
2017,60.2119,"Completion rate, by sex, location, wealth quintile and education level (%) - BOTHSEX"
2017,4.4812,"Completion rate, by sex, location, wealth quintile and education level (%) - BOTHSEX"
2017,14.1441,"Completion rate, by sex, location, wealth quintile and education level (%) - BOTHSEX"
2017,32.879,"Completion rate, by sex, location, wealth quintile and education level (%) - BOTHSEX"
2017,80.5347,"Completion rate, by sex, location, wealth quintile and education level (%) - BOTHSEX"
2017,48.5635,"Completion rate, by sex, location, wealth quintile and education level (%) - BOTHSEX"
2017,54.9232,"Completion rate, by sex, location, wealth quintile and education level (%) - BOTHSEX"
2017,30.6066,"Completion rate, by sex, location, wealth quintile and education level (%) - BOTHSEX"
2017,12.7414,"Completion rate, by sex, location, wealth quintile and education level (%) - BOTHSEX"
2017,1.6599,"Completion rate, by sex, location, wealth quintile and education level (%) - BOTHSEX"
2017,40.6587,"Completion rate, by sex, location, wealth quintile and education level (%) - BOTHSEX"
2017,16.4813,"Completion rate, by sex, location, wealth quintile and education level (%) - BOTHSEX"
2017,50.0146,"Completion rate, by sex, location, wealth quintile and education level (%) - BOTHSEX"
2017,12.2216,"Completion rate, by sex, location, wealth quintile and education level (%) - BOTHSEX"
2017,26.6404,"Completion rate, by sex, location, wealth quintile and education level (%) - BOTHSEX"
2017,6.3131,"Completion rate, by sex, location, wealth quintile and education level (%) - BOTHSEX"
2017,26.7095,"Completion rate, by sex, location, wealth quintile and education level (%) - BOTHSEX"
2017,1.5991,"Completion rate, by sex, location, wealth quintile and education level (%) - BOTHSEX"
2017,27.8521,"Completion rate, by sex, location, wealth quintile and education level (%) - BOTHSEX"
2018,16.9462,"Completion rate, by sex, location, wealth quintile and education level (%) - BOTHSEX"
2018,3.9264,"Completion rate, by sex, location, wealth quintile and education level (%) - BOTHSEX"
2018,38.3251,"Completion rate, by sex, location, wealth quintile and education level (%) - BOTHSEX"
2018,29.8555,"Completion rate, by sex, location, wealth quintile and education level (%) - BOTHSEX"
2018,21.4112,"Completion rate, by sex, location, wealth quintile and education level (%) - BOTHSEX"
2018,44.9912,"Completion rate, by sex, location, wealth quintile and education level (%) - BOTHSEX"
2018,3.685,"Completion rate, by sex, location, wealth quintile and education level (%) - BOTHSEX"
2018,15.2863,"Completion rate, by sex, location, wealth quintile and education level (%) - BOTHSEX"
2018,44.1663,"Completion rate, by sex, location, wealth quintile and education level (%) - BOTHSEX"
2018,74.0042,"Completion rate, by sex, location, wealth quintile and education level (%) - BOTHSEX"
2018,28.8435,"Completion rate, by sex, location, wealth quintile and education level (%) - BOTHSEX"
2018,55.626,"Completion rate, by sex, location, wealth quintile and education level (%) - BOTHSEX"
2018,77.8839,"Completion rate, by sex, location, wealth quintile and education level (%) - BOTHSEX"
2018,25.5471,"Completion rate, by sex, location, wealth quintile and education level (%) - BOTHSEX"
2018,10.9144,"Completion rate, by sex, location, wealth quintile and education level (%) - BOTHSEX"
2018,63.2784,"Completion rate, by sex, location, wealth quintile and education level (%) - BOTHSEX"
2018,43.156,"Completion rate, by sex, location, wealth quintile and education level (%) - BOTHSEX"
2018,23.3227,"Completion rate, by sex, location, wealth quintile and education level (%) - BOTHSEX"
2018,42.914,"Completion rate, by sex, location, wealth quintile and education level (%) - BOTHSEX"
2018,30.6342,"Completion rate, by sex, location, wealth quintile and education level (%) - BOTHSEX"
2018,42.2484,"Completion rate, by sex, location, wealth quintile and education level (%) - BOTHSEX"
2018,1.0523,"Completion rate, by sex, location, wealth quintile and education level (%) - BOTHSEX"
2018,19.4971,"Completion rate, by sex, location, wealth quintile and education level (%) - BOTHSEX"
2018,38.4972,"Completion rate, by sex, location, wealth quintile and education level (%) - BOTHSEX"
2018,26.5807,"Completion rate, by sex, location, wealth quintile and education level (%) - BOTHSEX"
2018,12.3441,"Completion rate, by sex, location, wealth quintile and education level (%) - BOTHSEX"
2018,28.9538,"Completion rate, by sex, location, wealth quintile and education level (%) - BOTHSEX"
2018,14.6331,"Completion rate, by sex, location, wealth quintile and education level (%) - BOTHSEX"
2018,50.8453,"Completion rate, by sex, location, wealth quintile and education level (%) - BOTHSEX"
2018,12.3191,"Completion rate, by sex, location, wealth quintile and education level (%) - BOTHSEX"
2018,30.3714,"Completion rate, by sex, location, wealth quintile and education level (%) - BOTHSEX"
2018,0.9965,"Completion rate, by sex, location, wealth quintile and education level (%) - BOTHSEX"
2018,19.6354,"Completion rate, by sex, location, wealth quintile and education level (%) - BOTHSEX"
2018,34.0868,"Completion rate, by sex, location, wealth quintile and education level (%) - BOTHSEX"
2018,60.0253,"Completion rate, by sex, location, wealth quintile and education level (%) - BOTHSEX"
2018,7.941,"Completion rate, by sex, location, wealth quintile and education level (%) - BOTHSEX"
2018,54.2249,"Completion rate, by sex, location, wealth quintile and education level (%) - BOTHSEX"
2018,36.5354,"Completion rate, by sex, location, wealth quintile and education level (%) - BOTHSEX"
2018,22.157,"Completion rate, by sex, location, wealth quintile and education level (%) - BOTHSEX"
2018,1.5591,"Completion rate, by sex, location, wealth quintile and education level (%) - BOTHSEX"
2018,34.3652,"Completion rate, by sex, location, wealth quintile and education level (%) - BOTHSEX"
2018,58.13,"Completion rate, by sex, location, wealth quintile and education level (%) - BOTHSEX"
2018,60.9725,"Completion rate, by sex, location, wealth quintile and education level (%) - BOTHSEX"
2018,4.4522,"Completion rate, by sex, location, wealth quintile and education level (%) - BOTHSEX"
2018,68.2933,"Completion rate, by sex, location, wealth quintile and education level (%) - BOTHSEX"
2018,8.7462,"Completion rate, by sex, location, wealth quintile and education level (%) - BOTHSEX"
2018,50.1786,"Completion rate, by sex, location, wealth quintile and education level (%) - BOTHSEX"
2018,41.4331,"Completion rate, by sex, location, wealth quintile and education level (%) - BOTHSEX"
2018,12.0253,"Completion rate, by sex, location, wealth quintile and education level (%) - BOTHSEX"
2018,4.0004,"Completion rate, by sex, location, wealth quintile and education level (%) - BOTHSEX"
2018,12.5988,"Completion rate, by sex, location, wealth quintile and education level (%) - BOTHSEX"
2018,48.9688,"Completion rate, by sex, location, wealth quintile and education level (%) - BOTHSEX"
2018,6.1176,"Completion rate, by sex, location, wealth quintile and education level (%) - BOTHSEX"
2019,19.2558,"Completion rate, by sex, location, wealth quintile and education level (%) - BOTHSEX"
2019,0.9182,"Completion rate, by sex, location, wealth quintile and education level (%) - BOTHSEX"
2019,14.7083,"Completion rate, by sex, location, wealth quintile and education level (%) - BOTHSEX"
2019,3.5373,"Completion rate, by sex, location, wealth quintile and education level (%) - BOTHSEX"
2019,36.1161,"Completion rate, by sex, location, wealth quintile and education level (%) - BOTHSEX"
2019,25.926,"Completion rate, by sex, location, wealth quintile and education level (%) - BOTHSEX"
2019,16.4987,"Completion rate, by sex, location, wealth quintile and education level (%) - BOTHSEX"
2019,16.2427,"Completion rate, by sex, location, wealth quintile and education level (%) - BOTHSEX"
2019,52.8259,"Completion rate, by sex, location, wealth quintile and education level (%) - BOTHSEX"
2019,7.9202,"Completion rate, by sex, location, wealth quintile and education level (%) - BOTHSEX"
2019,63.6176,"Completion rate, by sex, location, wealth quintile and education level (%) - BOTHSEX"
2019,47.1873,"Completion rate, by sex, location, wealth quintile and education level (%) - BOTHSEX"
2019,59.3688,"Completion rate, by sex, location, wealth quintile and education level (%) - BOTHSEX"
2019,5.3649,"Completion rate, by sex, location, wealth quintile and education level (%) - BOTHSEX"
2019,17.2671,"Completion rate, by sex, location, wealth quintile and education level (%) - BOTHSEX"
2019,13.7741,"Completion rate, by sex, location, wealth quintile and education level (%) - BOTHSEX"
2019,74.9073,"Completion rate, by sex, location, wealth quintile and education level (%) - BOTHSEX"
2019,54.869,"Completion rate, by sex, location, wealth quintile and education level (%) - BOTHSEX"
2019,5.902,"Completion rate, by sex, location, wealth quintile and education level (%) - BOTHSEX"
2019,55.2883,"Completion rate, by sex, location, wealth quintile and education level (%) - BOTHSEX"
2019,31.0945,"Completion rate, by sex, location, wealth quintile and education level (%) - BOTHSEX"
2019,31.1315,"Completion rate, by sex, location, wealth quintile and education level (%) - BOTHSEX"
2019,26.3268,"Completion rate, by sex, location, wealth quintile and education level (%) - BOTHSEX"
2019,6.6413,"Completion rate, by sex, location, wealth quintile and education level (%) - BOTHSEX"
2019,47.3816,"Completion rate, by sex, location, wealth quintile and education level (%) - BOTHSEX"
2019,10.5015,"Completion rate, by sex, location, wealth quintile and education level (%) - BOTHSEX"
2019,4.9708,"Completion rate, by sex, location, wealth quintile and education level (%) - BOTHSEX"
2019,42.5263,"Completion rate, by sex, location, wealth quintile and education level (%) - BOTHSEX"
2019,17.9757,"Completion rate, by sex, location, wealth quintile and education level (%) - BOTHSEX"
2019,37.1975,"Completion rate, by sex, location, wealth quintile and education level (%) - BOTHSEX"
2019,45.2888,"Completion rate, by sex, location, wealth quintile and education level (%) - BOTHSEX"
2019,5.8649,"Completion rate, by sex, location, wealth quintile and education level (%) - BOTHSEX"
2019,60.5928,"Completion rate, by sex, location, wealth quintile and education level (%) - BOTHSEX"
2019,6.7794,"Completion rate, by sex, location, wealth quintile and education level (%) - BOTHSEX"
2019,40.465,"Completion rate, by sex, location, wealth quintile and education level (%) - BOTHSEX"
2019,35.4956,"Completion rate, by sex, location, wealth quintile and education level (%) - BOTHSEX"
2019,78.7148,"Completion rate, by sex, location, wealth quintile and education level (%) - BOTHSEX"
2019,59.8342,"Completion rate, by sex, location, wealth quintile and education level (%) - BOTHSEX"
2019,23.6085,"Completion rate, by sex, location, wealth quintile and education level (%) - BOTHSEX"
2019,11.6925,"Completion rate, by sex, location, wealth quintile and education level (%) - BOTHSEX"
2019,1.6182,"Completion rate, by sex, location, wealth quintile and education level (%) - BOTHSEX"
2019,39.7453,"Completion rate, by sex, location, wealth quintile and education level (%) - BOTHSEX"
2019,15.104,"Completion rate, by sex, location, wealth quintile and education level (%) - BOTHSEX"
2019,3.8226,"Completion rate, by sex, location, wealth quintile and education level (%) - BOTHSEX"
2019,41.9432,"Completion rate, by sex, location, wealth quintile and education level (%) - BOTHSEX"
2019,29.5906,"Completion rate, by sex, location, wealth quintile and education level (%) - BOTHSEX"
2019,6.604,"Completion rate, by sex, location, wealth quintile and education level (%) - BOTHSEX"
2019,26.1024,"Completion rate, by sex, location, wealth quintile and education level (%) - BOTHSEX"
2019,34.5156,"Completion rate, by sex, location, wealth quintile and education level (%) - BOTHSEX"
2019,3.783,"Completion rate, by sex, location, wealth quintile and education level (%) - BOTHSEX"
2019,13.1327,"Completion rate, by sex, location, wealth quintile and education level (%) - BOTHSEX"
2023,20.289,"Completion rate, by sex, location, wealth quintile and education level (%) - BOTHSEX"
2023,7.3221,"Completion rate, by sex, location, wealth quintile and education level (%) - BOTHSEX"
2023,42.1334,"Completion rate, by sex, location, wealth quintile and education level (%) - BOTHSEX"
2023,34.504,"Completion rate, by sex, location, wealth quintile and education level (%) - BOTHSEX"
2023,12.1764,"Completion rate, by sex, location, wealth quintile and education level (%) - BOTHSEX"
2023,4.8566,"Completion rate, by sex, location, wealth quintile and education level (%) - BOTHSEX"
2023,20.7933,"Completion rate, by sex, location, wealth quintile and education level (%) - BOTHSEX"
2023,43.8787,"Completion rate, by sex, location, wealth quintile and education level (%) - BOTHSEX"
2023,3.6212,"Completion rate, by sex, location, wealth quintile and education level (%) - BOTHSEX"
2023,12.1922,"Completion rate, by sex, location, wealth quintile and education level (%) - BOTHSEX"
2023,35.2301,"Completion rate, by sex, location, wealth quintile and education level (%) - BOTHSEX"
2023,8.4509,"Completion rate, by sex, location, wealth quintile and education level (%) - BOTHSEX"
2023,74.795,"Completion rate, by sex, location, wealth quintile and education level (%) - BOTHSEX"
2023,8.5468,"Completion rate, by sex, location, wealth quintile and education level (%) - BOTHSEX"
2023,65.2611,"Completion rate, by sex, location, wealth quintile and education level (%) - BOTHSEX"
2023,15.473,"Completion rate, by sex, location, wealth quintile and education level (%) - BOTHSEX"
2023,12.4281,"Completion rate, by sex, location, wealth quintile and education level (%) - BOTHSEX"
2023,23.0087,"Completion rate, by sex, location, wealth quintile and education level (%) - BOTHSEX"
2023,42.4255,"Completion rate, by sex, location, wealth quintile and education level (%) - BOTHSEX"
2023,38.1943,"Completion rate, by sex, location, wealth quintile and education level (%) - BOTHSEX"
2023,36.3607,"Completion rate, by sex, location, wealth quintile and education level (%) - BOTHSEX"
2023,58.5432,"Completion rate, by sex, location, wealth quintile and education level (%) - BOTHSEX"
2023,20.4162,"Completion rate, by sex, location, wealth quintile and education level (%) - BOTHSEX"
2023,2.9111,"Completion rate, by sex, location, wealth quintile and education level (%) - BOTHSEX"
2023,23.0885,"Completion rate, by sex, location, wealth quintile and education level (%) - BOTHSEX"
2023,44.0997,"Completion rate, by sex, location, wealth quintile and education level (%) - BOTHSEX"
2023,4.2065,"Completion rate, by sex, location, wealth quintile and education level (%) - BOTHSEX"
2023,31.0515,"Completion rate, by sex, location, wealth quintile and education level (%) - BOTHSEX"
2023,15.801,"Completion rate, by sex, location, wealth quintile and education level (%) - BOTHSEX"
2023,52.68,"Completion rate, by sex, location, wealth quintile and education level (%) - BOTHSEX"
2023,34.6958,"Completion rate, by sex, location, wealth quintile and education level (%) - BOTHSEX"
2023,28.8223,"Completion rate, by sex, location, wealth quintile and education level (%) - BOTHSEX"
2023,50.6111,"Completion rate, by sex, location, wealth quintile and education level (%) - BOTHSEX"
2023,15.0409,"Completion rate, by sex, location, wealth quintile and education level (%) - BOTHSEX"
2023,34.0302,"Completion rate, by sex, location, wealth quintile and education level (%) - BOTHSEX"
2023,61.055,"Completion rate, by sex, location, wealth quintile and education level (%) - BOTHSEX"
2023,10.2633,"Completion rate, by sex, location, wealth quintile and education level (%) - BOTHSEX"
2023,55.576,"Completion rate, by sex, location, wealth quintile and education level (%) - BOTHSEX"
2023,71.4339,"Completion rate, by sex, location, wealth quintile and education level (%) - BOTHSEX"
2023,36.3034,"Completion rate, by sex, location, wealth quintile and education level (%) - BOTHSEX"
2023,16.792,"Completion rate, by sex, location, wealth quintile and education level (%) - BOTHSEX"
2023,22.7039,"Completion rate, by sex, location, wealth quintile and education level (%) - BOTHSEX"
2023,50.1894,"Completion rate, by sex, location, wealth quintile and education level (%) - BOTHSEX"
2023,57.7,"Completion rate, by sex, location, wealth quintile and education level (%) - BOTHSEX"
2023,34.266,"Completion rate, by sex, location, wealth quintile and education level (%) - BOTHSEX"
2023,7.9916,"Completion rate, by sex, location, wealth quintile and education level (%) - BOTHSEX"
2023,65.3877,"Completion rate, by sex, location, wealth quintile and education level (%) - BOTHSEX"
2023,26.2922,"Completion rate, by sex, location, wealth quintile and education level (%) - BOTHSEX"
2023,54.519,"Completion rate, by sex, location, wealth quintile and education level (%) - BOTHSEX"
2023,38.8098,"Completion rate, by sex, location, wealth quintile and education level (%) - BOTHSEX"
2023,42.8571,"Completion rate, by sex, location, wealth quintile and education level (%) - BOTHSEX"
2023,27.7435,"Completion rate, by sex, location, wealth quintile and education level (%) - BOTHSEX"
2023,50.5689,"Completion rate, by sex, location, wealth quintile and education level (%) - BOTHSEX"
2023,11.8938,"Completion rate, by sex, location, wealth quintile and education level (%) - BOTHSEX"
2000,27.83,"Completion rate, by sex, location, wealth quintile and education level (%) - FEMALE"
2000,2.99,"Completion rate, by sex, location, wealth quintile and education level (%) - FEMALE"
2000,9.09,"Completion rate, by sex, location, wealth quintile and education level (%) - FEMALE"
2002,11.0951,"Completion rate, by sex, location, wealth quintile and education level (%) - FEMALE"
2002,7.1108,"Completion rate, by sex, location, wealth quintile and education level (%) - FEMALE"
2002,28.4744,"Completion rate, by sex, location, wealth quintile and education level (%) - FEMALE"
2002,47.7858,"Completion rate, by sex, location, wealth quintile and education level (%) - FEMALE"
2002,20.5137,"Completion rate, by sex, location, wealth quintile and education level (%) - FEMALE"
2002,11.963,"Completion rate, by sex, location, wealth quintile and education level (%) - FEMALE"
2002,2.8216,"Completion rate, by sex, location, wealth quintile and education level (%) - FEMALE"
2002,1.7311,"Completion rate, by sex, location, wealth quintile and education level (%) - FEMALE"
2002,13.4824,"Completion rate, by sex, location, wealth quintile and education level (%) - FEMALE"
2005,12.2276,"Completion rate, by sex, location, wealth quintile and education level (%) - FEMALE"
2005,0.0,"Completion rate, by sex, location, wealth quintile and education level (%) - FEMALE"
2005,4.109,"Completion rate, by sex, location, wealth quintile and education level (%) - FEMALE"
2005,0.0,"Completion rate, by sex, location, wealth quintile and education level (%) - FEMALE"
2005,18.8552,"Completion rate, by sex, location, wealth quintile and education level (%) - FEMALE"
2005,0.0,"Completion rate, by sex, location, wealth quintile and education level (%) - FEMALE"
2005,14.6451,"Completion rate, by sex, location, wealth quintile and education level (%) - FEMALE"
2005,0.8162,"Completion rate, by sex, location, wealth quintile and education level (%) - FEMALE"
2005,0.0,"Completion rate, by sex, location, wealth quintile and education level (%) - FEMALE"
2005,20.4158,"Completion rate, by sex, location, wealth quintile and education level (%) - FEMALE"
2005,7.1925,"Completion rate, by sex, location, wealth quintile and education level (%) - FEMALE"
2005,21.0553,"Completion rate, by sex, location, wealth quintile and education level (%) - FEMALE"
2005,8.1875,"Completion rate, by sex, location, wealth quintile and education level (%) - FEMALE"
2005,6.6239,"Completion rate, by sex, location, wealth quintile and education level (%) - FEMALE"
2005,0.0,"Completion rate, by sex, location, wealth quintile and education level (%) - FEMALE"
2005,0.7201,"Completion rate, by sex, location, wealth quintile and education level (%) - FEMALE"
2005,18.9929,"Completion rate, by sex, location, wealth quintile and education level (%) - FEMALE"
2005,47.3501,"Completion rate, by sex, location, wealth quintile and education level (%) - FEMALE"
2005,0.2104,"Completion rate, by sex, location, wealth quintile and education level (%) - FEMALE"
2005,0.0,"Completion rate, by sex, location, wealth quintile and education level (%) - FEMALE"
2005,10.8409,"Completion rate, by sex, location, wealth quintile and education level (%) - FEMALE"
2005,2.07,"Completion rate, by sex, location, wealth quintile and education level (%) - FEMALE"
2005,7.5545,"Completion rate, by sex, location, wealth quintile and education level (%) - FEMALE"
2005,1.6966,"Completion rate, by sex, location, wealth quintile and education level (%) - FEMALE"
2005,0.0,"Completion rate, by sex, location, wealth quintile and education level (%) - FEMALE"
2005,0.0,"Completion rate, by sex, location, wealth quintile and education level (%) - FEMALE"
2005,2.4763,"Completion rate, by sex, location, wealth quintile and education level (%) - FEMALE"
2005,0.0,"Completion rate, by sex, location, wealth quintile and education level (%) - FEMALE"
2005,1.646,"Completion rate, by sex, location, wealth quintile and education level (%) - FEMALE"
2005,0.0,"Completion rate, by sex, location, wealth quintile and education level (%) - FEMALE"
2005,5.9845,"Completion rate, by sex, location, wealth quintile and education level (%) - FEMALE"
2005,0.2833,"Completion rate, by sex, location, wealth quintile and education level (%) - FEMALE"
2005,3.6283,"Completion rate, by sex, location, wealth quintile and education level (%) - FEMALE"
2005,0.499,"Completion rate, by sex, location, wealth quintile and education level (%) - FEMALE"
2005,31.4573,"Completion rate, by sex, location, wealth quintile and education level (%) - FEMALE"
2005,12.6808,"Completion rate, by sex, location, wealth quintile and education level (%) - FEMALE"
2005,0.276,"Completion rate, by sex, location, wealth quintile and education level (%) - FEMALE"
2005,51.9295,"Completion rate, by sex, location, wealth quintile and education level (%) - FEMALE"
2005,0.556,"Completion rate, by sex, location, wealth quintile and education level (%) - FEMALE"
2005,7.4298,"Completion rate, by sex, location, wealth quintile and education level (%) - FEMALE"
2005,28.2182,"Completion rate, by sex, location, wealth quintile and education level (%) - FEMALE"
2005,0.2094,"Completion rate, by sex, location, wealth quintile and education level (%) - FEMALE"
2005,1.9751,"Completion rate, by sex, location, wealth quintile and education level (%) - FEMALE"
2005,17.1257,"Completion rate, by sex, location, wealth quintile and education level (%) - FEMALE"
2005,22.2341,"Completion rate, by sex, location, wealth quintile and education level (%) - FEMALE"
2005,4.0696,"Completion rate, by sex, location, wealth quintile and education level (%) - FEMALE"
2005,0.0,"Completion rate, by sex, location, wealth quintile and education level (%) - FEMALE"
2005,24.453,"Completion rate, by sex, location, wealth quintile and education level (%) - FEMALE"
2005,3.7199,"Completion rate, by sex, location, wealth quintile and education level (%) - FEMALE"
2005,14.4179,"Completion rate, by sex, location, wealth quintile and education level (%) - FEMALE"
2005,38.0422,"Completion rate, by sex, location, wealth quintile and education level (%) - FEMALE"
2011,25.6741,"Completion rate, by sex, location, wealth quintile and education level (%) - FEMALE"
2011,0.1304,"Completion rate, by sex, location, wealth quintile and education level (%) - FEMALE"
2011,38.3637,"Completion rate, by sex, location, wealth quintile and education level (%) - FEMALE"
2011,41.2304,"Completion rate, by sex, location, wealth quintile and education level (%) - FEMALE"
2011,10.5525,"Completion rate, by sex, location, wealth quintile and education level (%) - FEMALE"
2011,0.2575,"Completion rate, by sex, location, wealth quintile and education level (%) - FEMALE"
2011,1.54,"Completion rate, by sex, location, wealth quintile and education level (%) - FEMALE"
2011,73.27,"Completion rate, by sex, location, wealth quintile and education level (%) - FEMALE"
2011,23.2263,"Completion rate, by sex, location, wealth quintile and education level (%) - FEMALE"
2011,4.5605,"Completion rate, by sex, location, wealth quintile and education level (%) - FEMALE"
2011,17.6513,"Completion rate, by sex, location, wealth quintile and education level (%) - FEMALE"
2011,38.1554,"Completion rate, by sex, location, wealth quintile and education level (%) - FEMALE"
2011,0.2994,"Completion rate, by sex, location, wealth quintile and education level (%) - FEMALE"
2011,1.9838,"Completion rate, by sex, location, wealth quintile and education level (%) - FEMALE"
2011,22.7122,"Completion rate, by sex, location, wealth quintile and education level (%) - FEMALE"
2011,0.5202,"Completion rate, by sex, location, wealth quintile and education level (%) - FEMALE"
2011,3.1315,"Completion rate, by sex, location, wealth quintile and education level (%) - FEMALE"
2011,0.136,"Completion rate, by sex, location, wealth quintile and education level (%) - FEMALE"
2011,19.3558,"Completion rate, by sex, location, wealth quintile and education level (%) - FEMALE"
2011,56.3374,"Completion rate, by sex, location, wealth quintile and education level (%) - FEMALE"
2011,22.308,"Completion rate, by sex, location, wealth quintile and education level (%) - FEMALE"
2011,1.4195,"Completion rate, by sex, location, wealth quintile and education level (%) - FEMALE"
2011,16.5842,"Completion rate, by sex, location, wealth quintile and education level (%) - FEMALE"
2011,3.8748,"Completion rate, by sex, location, wealth quintile and education level (%) - FEMALE"
2011,11.9147,"Completion rate, by sex, location, wealth quintile and education level (%) - FEMALE"
2011,5.9919,"Completion rate, by sex, location, wealth quintile and education level (%) - FEMALE"
2011,45.6409,"Completion rate, by sex, location, wealth quintile and education level (%) - FEMALE"
2011,14.1254,"Completion rate, by sex, location, wealth quintile and education level (%) - FEMALE"
2011,3.5412,"Completion rate, by sex, location, wealth quintile and education level (%) - FEMALE"
2011,63.8528,"Completion rate, by sex, location, wealth quintile and education level (%) - FEMALE"
2011,26.3472,"Completion rate, by sex, location, wealth quintile and education level (%) - FEMALE"
2011,2.5217,"Completion rate, by sex, location, wealth quintile and education level (%) - FEMALE"
2011,23.415,"Completion rate, by sex, location, wealth quintile and education level (%) - FEMALE"
2011,17.895,"Completion rate, by sex, location, wealth quintile and education level (%) - FEMALE"
2011,30.1047,"Completion rate, by sex, location, wealth quintile and education level (%) - FEMALE"
2011,20.6851,"Completion rate, by sex, location, wealth quintile and education level (%) - FEMALE"
2011,55.1334,"Completion rate, by sex, location, wealth quintile and education level (%) - FEMALE"
2011,1.5815,"Completion rate, by sex, location, wealth quintile and education level (%) - FEMALE"
2011,16.2477,"Completion rate, by sex, location, wealth quintile and education level (%) - FEMALE"
2011,44.4036,"Completion rate, by sex, location, wealth quintile and education level (%) - FEMALE"
2011,0.0,"Completion rate, by sex, location, wealth quintile and education level (%) - FEMALE"
2011,5.7061,"Completion rate, by sex, location, wealth quintile and education level (%) - FEMALE"
2011,15.4357,"Completion rate, by sex, location, wealth quintile and education level (%) - FEMALE"
2011,0.558,"Completion rate, by sex, location, wealth quintile and education level (%) - FEMALE"
2011,0.0,"Completion rate, by sex, location, wealth quintile and education level (%) - FEMALE"
2011,3.2691,"Completion rate, by sex, location, wealth quintile and education level (%) - FEMALE"
2011,19.3628,"Completion rate, by sex, location, wealth quintile and education level (%) - FEMALE"
2011,1.5069,"Completion rate, by sex, location, wealth quintile and education level (%) - FEMALE"
2011,15.8491,"Completion rate, by sex, location, wealth quintile and education level (%) - FEMALE"
2011,41.7083,"Completion rate, by sex, location, wealth quintile and education level (%) - FEMALE"
2011,1.2215,"Completion rate, by sex, location, wealth quintile and education level (%) - FEMALE"
2011,33.5762,"Completion rate, by sex, location, wealth quintile and education level (%) - FEMALE"
2011,11.1067,"Completion rate, by sex, location, wealth quintile and education level (%) - FEMALE"
2014,8.13,"Completion rate, by sex, location, wealth quintile and education level (%) - FEMALE"
2014,27.1,"Completion rate, by sex, location, wealth quintile and education level (%) - FEMALE"
2014,64.64,"Completion rate, by sex, location, wealth quintile and education level (%) - FEMALE"
2014,60.12,"Completion rate, by sex, location, wealth quintile and education level (%) - FEMALE"
2014,0.3,"Completion rate, by sex, location, wealth quintile and education level (%) - FEMALE"
2014,0.0,"Completion rate, by sex, location, wealth quintile and education level (%) - FEMALE"
2014,38.44,"Completion rate, by sex, location, wealth quintile and education level (%) - FEMALE"
2014,11.16,"Completion rate, by sex, location, wealth quintile and education level (%) - FEMALE"
2014,8.45,"Completion rate, by sex, location, wealth quintile and education level (%) - FEMALE"
2014,0.0,"Completion rate, by sex, location, wealth quintile and education level (%) - FEMALE"
2014,66.69,"Completion rate, by sex, location, wealth quintile and education level (%) - FEMALE"
2014,16.13,"Completion rate, by sex, location, wealth quintile and education level (%) - FEMALE"
2014,4.61,"Completion rate, by sex, location, wealth quintile and education level (%) - FEMALE"
2014,58.72,"Completion rate, by sex, location, wealth quintile and education level (%) - FEMALE"
2014,35.69,"Completion rate, by sex, location, wealth quintile and education level (%) - FEMALE"
2014,13.04,"Completion rate, by sex, location, wealth quintile and education level (%) - FEMALE"
2014,0.0,"Completion rate, by sex, location, wealth quintile and education level (%) - FEMALE"
2014,4.27,"Completion rate, by sex, location, wealth quintile and education level (%) - FEMALE"
2014,49.98,"Completion rate, by sex, location, wealth quintile and education level (%) - FEMALE"
2014,18.78,"Completion rate, by sex, location, wealth quintile and education level (%) - FEMALE"
2014,7.49,"Completion rate, by sex, location, wealth quintile and education level (%) - FEMALE"
2014,28.67,"Completion rate, by sex, location, wealth quintile and education level (%) - FEMALE"
2014,0.0,"Completion rate, by sex, location, wealth quintile and education level (%) - FEMALE"
2014,1.55,"Completion rate, by sex, location, wealth quintile and education level (%) - FEMALE"
2014,26.81,"Completion rate, by sex, location, wealth quintile and education level (%) - FEMALE"
2014,2.43,"Completion rate, by sex, location, wealth quintile and education level (%) - FEMALE"
2014,33.63,"Completion rate, by sex, location, wealth quintile and education level (%) - FEMALE"
2014,7.21,"Completion rate, by sex, location, wealth quintile and education level (%) - FEMALE"
2014,0.0,"Completion rate, by sex, location, wealth quintile and education level (%) - FEMALE"
2014,43.57,"Completion rate, by sex, location, wealth quintile and education level (%) - FEMALE"
2014,6.73,"Completion rate, by sex, location, wealth quintile and education level (%) - FEMALE"
2014,38.98,"Completion rate, by sex, location, wealth quintile and education level (%) - FEMALE"
2014,3.05,"Completion rate, by sex, location, wealth quintile and education level (%) - FEMALE"
2014,75.87,"Completion rate, by sex, location, wealth quintile and education level (%) - FEMALE"
2014,12.01,"Completion rate, by sex, location, wealth quintile and education level (%) - FEMALE"
2014,29.9,"Completion rate, by sex, location, wealth quintile and education level (%) - FEMALE"
2014,36.41,"Completion rate, by sex, location, wealth quintile and education level (%) - FEMALE"
2014,7.44,"Completion rate, by sex, location, wealth quintile and education level (%) - FEMALE"
2014,73.21,"Completion rate, by sex, location, wealth quintile and education level (%) - FEMALE"
2014,29.7,"Completion rate, by sex, location, wealth quintile and education level (%) - FEMALE"
2014,2.61,"Completion rate, by sex, location, wealth quintile and education level (%) - FEMALE"
2014,31.62,"Completion rate, by sex, location, wealth quintile and education level (%) - FEMALE"
2014,54.34,"Completion rate, by sex, location, wealth quintile and education level (%) - FEMALE"
2014,2.09,"Completion rate, by sex, location, wealth quintile and education level (%) - FEMALE"
2014,12.5,"Completion rate, by sex, location, wealth quintile and education level (%) - FEMALE"
2014,52.59,"Completion rate, by sex, location, wealth quintile and education level (%) - FEMALE"
2014,3.18,"Completion rate, by sex, location, wealth quintile and education level (%) - FEMALE"
2014,0.28,"Completion rate, by sex, location, wealth quintile and education level (%) - FEMALE"
2014,34.95,"Completion rate, by sex, location, wealth quintile and education level (%) - FEMALE"
2015,0.0,"Completion rate, by sex, location, wealth quintile and education level (%) - FEMALE"
2015,4.8668,"Completion rate, by sex, location, wealth quintile and education level (%) - FEMALE"
2015,28.1411,"Completion rate, by sex, location, wealth quintile and education level (%) - FEMALE"
2015,6.6428,"Completion rate, by sex, location, wealth quintile and education level (%) - FEMALE"
2015,17.568,"Completion rate, by sex, location, wealth quintile and education level (%) - FEMALE"
2015,58.9999,"Completion rate, by sex, location, wealth quintile and education level (%) - FEMALE"
2015,7.7314,"Completion rate, by sex, location, wealth quintile and education level (%) - FEMALE"
2015,19.2967,"Completion rate, by sex, location, wealth quintile and education level (%) - FEMALE"
2015,5.9197,"Completion rate, by sex, location, wealth quintile and education level (%) - FEMALE"
2015,32.2816,"Completion rate, by sex, location, wealth quintile and education level (%) - FEMALE"
2015,9.2666,"Completion rate, by sex, location, wealth quintile and education level (%) - FEMALE"
2015,34.8165,"Completion rate, by sex, location, wealth quintile and education level (%) - FEMALE"
2015,58.0124,"Completion rate, by sex, location, wealth quintile and education level (%) - FEMALE"
2015,2.9854,"Completion rate, by sex, location, wealth quintile and education level (%) - FEMALE"
2015,15.4047,"Completion rate, by sex, location, wealth quintile and education level (%) - FEMALE"
2015,50.2729,"Completion rate, by sex, location, wealth quintile and education level (%) - FEMALE"
2015,0.9353,"Completion rate, by sex, location, wealth quintile and education level (%) - FEMALE"
2015,10.055,"Completion rate, by sex, location, wealth quintile and education level (%) - FEMALE"
2015,38.6871,"Completion rate, by sex, location, wealth quintile and education level (%) - FEMALE"
2015,2.7501,"Completion rate, by sex, location, wealth quintile and education level (%) - FEMALE"
2015,0.0,"Completion rate, by sex, location, wealth quintile and education level (%) - FEMALE"
2015,42.8823,"Completion rate, by sex, location, wealth quintile and education level (%) - FEMALE"
2015,43.5441,"Completion rate, by sex, location, wealth quintile and education level (%) - FEMALE"
2015,65.9915,"Completion rate, by sex, location, wealth quintile and education level (%) - FEMALE"
2015,26.9337,"Completion rate, by sex, location, wealth quintile and education level (%) - FEMALE"
2015,10.39,"Completion rate, by sex, location, wealth quintile and education level (%) - FEMALE"
2015,60.941,"Completion rate, by sex, location, wealth quintile and education level (%) - FEMALE"
2015,12.0601,"Completion rate, by sex, location, wealth quintile and education level (%) - FEMALE"
2015,35.6021,"Completion rate, by sex, location, wealth quintile and education level (%) - FEMALE"
2015,3.29,"Completion rate, by sex, location, wealth quintile and education level (%) - FEMALE"
2015,68.9106,"Completion rate, by sex, location, wealth quintile and education level (%) - FEMALE"
2015,38.7375,"Completion rate, by sex, location, wealth quintile and education level (%) - FEMALE"
2015,17.1738,"Completion rate, by sex, location, wealth quintile and education level (%) - FEMALE"
2015,72.48,"Completion rate, by sex, location, wealth quintile and education level (%) - FEMALE"
2015,7.3791,"Completion rate, by sex, location, wealth quintile and education level (%) - FEMALE"
2015,23.3901,"Completion rate, by sex, location, wealth quintile and education level (%) - FEMALE"
2015,65.7924,"Completion rate, by sex, location, wealth quintile and education level (%) - FEMALE"
2015,2.2431,"Completion rate, by sex, location, wealth quintile and education level (%) - FEMALE"
2015,24.4098,"Completion rate, by sex, location, wealth quintile and education level (%) - FEMALE"
2015,7.3057,"Completion rate, by sex, location, wealth quintile and education level (%) - FEMALE"
2015,41.2779,"Completion rate, by sex, location, wealth quintile and education level (%) - FEMALE"
2015,4.6186,"Completion rate, by sex, location, wealth quintile and education level (%) - FEMALE"
2015,27.5916,"Completion rate, by sex, location, wealth quintile and education level (%) - FEMALE"
2015,1.2876,"Completion rate, by sex, location, wealth quintile and education level (%) - FEMALE"
2015,2.5621,"Completion rate, by sex, location, wealth quintile and education level (%) - FEMALE"
2015,50.9582,"Completion rate, by sex, location, wealth quintile and education level (%) - FEMALE"
2015,1.2663,"Completion rate, by sex, location, wealth quintile and education level (%) - FEMALE"
2015,53.2068,"Completion rate, by sex, location, wealth quintile and education level (%) - FEMALE"
2015,2.574,"Completion rate, by sex, location, wealth quintile and education level (%) - FEMALE"
2015,18.9037,"Completion rate, by sex, location, wealth quintile and education level (%) - FEMALE"
2015,18.4723,"Completion rate, by sex, location, wealth quintile and education level (%) - FEMALE"
2016,3.7703,"Completion rate, by sex, location, wealth quintile and education level (%) - FEMALE"
2016,12.225,"Completion rate, by sex, location, wealth quintile and education level (%) - FEMALE"
2016,54.0707,"Completion rate, by sex, location, wealth quintile and education level (%) - FEMALE"
2016,29.2074,"Completion rate, by sex, location, wealth quintile and education level (%) - FEMALE"
2016,38.6637,"Completion rate, by sex, location, wealth quintile and education level (%) - FEMALE"
2016,7.771,"Completion rate, by sex, location, wealth quintile and education level (%) - FEMALE"
2016,1.5016,"Completion rate, by sex, location, wealth quintile and education level (%) - FEMALE"
2016,1.6061,"Completion rate, by sex, location, wealth quintile and education level (%) - FEMALE"
2016,24.3967,"Completion rate, by sex, location, wealth quintile and education level (%) - FEMALE"
2016,3.1615,"Completion rate, by sex, location, wealth quintile and education level (%) - FEMALE"
2016,67.868,"Completion rate, by sex, location, wealth quintile and education level (%) - FEMALE"
2016,28.0921,"Completion rate, by sex, location, wealth quintile and education level (%) - FEMALE"
2016,10.1804,"Completion rate, by sex, location, wealth quintile and education level (%) - FEMALE"
2016,65.5947,"Completion rate, by sex, location, wealth quintile and education level (%) - FEMALE"
2016,39.5752,"Completion rate, by sex, location, wealth quintile and education level (%) - FEMALE"
2016,15.8174,"Completion rate, by sex, location, wealth quintile and education level (%) - FEMALE"
2016,37.6024,"Completion rate, by sex, location, wealth quintile and education level (%) - FEMALE"
2016,11.7153,"Completion rate, by sex, location, wealth quintile and education level (%) - FEMALE"
2016,72.8504,"Completion rate, by sex, location, wealth quintile and education level (%) - FEMALE"
2016,39.3109,"Completion rate, by sex, location, wealth quintile and education level (%) - FEMALE"
2016,7.1795,"Completion rate, by sex, location, wealth quintile and education level (%) - FEMALE"
2016,0.9279,"Completion rate, by sex, location, wealth quintile and education level (%) - FEMALE"
2016,52.4961,"Completion rate, by sex, location, wealth quintile and education level (%) - FEMALE"
2016,24.7985,"Completion rate, by sex, location, wealth quintile and education level (%) - FEMALE"
2016,7.0812,"Completion rate, by sex, location, wealth quintile and education level (%) - FEMALE"
2016,70.0149,"Completion rate, by sex, location, wealth quintile and education level (%) - FEMALE"
2016,43.368,"Completion rate, by sex, location, wealth quintile and education level (%) - FEMALE"
2016,0.0,"Completion rate, by sex, location, wealth quintile and education level (%) - FEMALE"
2016,8.9668,"Completion rate, by sex, location, wealth quintile and education level (%) - FEMALE"
2016,4.7567,"Completion rate, by sex, location, wealth quintile and education level (%) - FEMALE"
2016,36.0888,"Completion rate, by sex, location, wealth quintile and education level (%) - FEMALE"
2016,38.4485,"Completion rate, by sex, location, wealth quintile and education level (%) - FEMALE"
2016,14.5935,"Completion rate, by sex, location, wealth quintile and education level (%) - FEMALE"
2016,0.4668,"Completion rate, by sex, location, wealth quintile and education level (%) - FEMALE"
2016,56.0499,"Completion rate, by sex, location, wealth quintile and education level (%) - FEMALE"
2016,20.3745,"Completion rate, by sex, location, wealth quintile and education level (%) - FEMALE"
2016,3.3763,"Completion rate, by sex, location, wealth quintile and education level (%) - FEMALE"
2016,8.4752,"Completion rate, by sex, location, wealth quintile and education level (%) - FEMALE"
2016,78.58,"Completion rate, by sex, location, wealth quintile and education level (%) - FEMALE"
2016,17.9944,"Completion rate, by sex, location, wealth quintile and education level (%) - FEMALE"
2016,44.3022,"Completion rate, by sex, location, wealth quintile and education level (%) - FEMALE"
2016,32.0606,"Completion rate, by sex, location, wealth quintile and education level (%) - FEMALE"
2016,17.5447,"Completion rate, by sex, location, wealth quintile and education level (%) - FEMALE"
2016,58.0591,"Completion rate, by sex, location, wealth quintile and education level (%) - FEMALE"
2016,7.1009,"Completion rate, by sex, location, wealth quintile and education level (%) - FEMALE"
2016,23.399,"Completion rate, by sex, location, wealth quintile and education level (%) - FEMALE"
2016,60.8935,"Completion rate, by sex, location, wealth quintile and education level (%) - FEMALE"
2016,24.7099,"Completion rate, by sex, location, wealth quintile and education level (%) - FEMALE"
2016,3.9731,"Completion rate, by sex, location, wealth quintile and education level (%) - FEMALE"
2016,0.0,"Completion rate, by sex, location, wealth quintile and education level (%) - FEMALE"
2016,41.4617,"Completion rate, by sex, location, wealth quintile and education level (%) - FEMALE"
2017,0.0,"Completion rate, by sex, location, wealth quintile and education level (%) - FEMALE"
2017,41.7674,"Completion rate, by sex, location, wealth quintile and education level (%) - FEMALE"
2017,2.3197,"Completion rate, by sex, location, wealth quintile and education level (%) - FEMALE"
2017,51.0286,"Completion rate, by sex, location, wealth quintile and education level (%) - FEMALE"
2017,22.4192,"Completion rate, by sex, location, wealth quintile and education level (%) - FEMALE"
2017,3.578,"Completion rate, by sex, location, wealth quintile and education level (%) - FEMALE"
2017,56.8742,"Completion rate, by sex, location, wealth quintile and education level (%) - FEMALE"
2017,78.2862,"Completion rate, by sex, location, wealth quintile and education level (%) - FEMALE"
2017,9.7488,"Completion rate, by sex, location, wealth quintile and education level (%) - FEMALE"
2017,0.0,"Completion rate, by sex, location, wealth quintile and education level (%) - FEMALE"
2017,7.8752,"Completion rate, by sex, location, wealth quintile and education level (%) - FEMALE"
2017,18.7623,"Completion rate, by sex, location, wealth quintile and education level (%) - FEMALE"
2017,47.3581,"Completion rate, by sex, location, wealth quintile and education level (%) - FEMALE"
2017,2.0736,"Completion rate, by sex, location, wealth quintile and education level (%) - FEMALE"
2017,13.5022,"Completion rate, by sex, location, wealth quintile and education level (%) - FEMALE"
2017,41.3479,"Completion rate, by sex, location, wealth quintile and education level (%) - FEMALE"
2017,3.0077,"Completion rate, by sex, location, wealth quintile and education level (%) - FEMALE"
2017,29.2842,"Completion rate, by sex, location, wealth quintile and education level (%) - FEMALE"
2017,0.0,"Completion rate, by sex, location, wealth quintile and education level (%) - FEMALE"
2017,49.7626,"Completion rate, by sex, location, wealth quintile and education level (%) - FEMALE"
2017,67.3255,"Completion rate, by sex, location, wealth quintile and education level (%) - FEMALE"
2017,14.889,"Completion rate, by sex, location, wealth quintile and education level (%) - FEMALE"
2017,31.4708,"Completion rate, by sex, location, wealth quintile and education level (%) - FEMALE"
2017,7.1961,"Completion rate, by sex, location, wealth quintile and education level (%) - FEMALE"
2017,44.0095,"Completion rate, by sex, location, wealth quintile and education level (%) - FEMALE"
2017,74.8868,"Completion rate, by sex, location, wealth quintile and education level (%) - FEMALE"
2017,13.697,"Completion rate, by sex, location, wealth quintile and education level (%) - FEMALE"
2017,37.0144,"Completion rate, by sex, location, wealth quintile and education level (%) - FEMALE"
2017,27.194,"Completion rate, by sex, location, wealth quintile and education level (%) - FEMALE"
2017,45.8965,"Completion rate, by sex, location, wealth quintile and education level (%) - FEMALE"
2017,28.2966,"Completion rate, by sex, location, wealth quintile and education level (%) - FEMALE"
2017,4.8006,"Completion rate, by sex, location, wealth quintile and education level (%) - FEMALE"
2017,23.484,"Completion rate, by sex, location, wealth quintile and education level (%) - FEMALE"
2017,3.0956,"Completion rate, by sex, location, wealth quintile and education level (%) - FEMALE"
2017,4.3141,"Completion rate, by sex, location, wealth quintile and education level (%) - FEMALE"
2017,24.0401,"Completion rate, by sex, location, wealth quintile and education level (%) - FEMALE"
2017,38.0787,"Completion rate, by sex, location, wealth quintile and education level (%) - FEMALE"
2017,5.005,"Completion rate, by sex, location, wealth quintile and education level (%) - FEMALE"
2017,25.2631,"Completion rate, by sex, location, wealth quintile and education level (%) - FEMALE"
2017,10.2876,"Completion rate, by sex, location, wealth quintile and education level (%) - FEMALE"
2017,24.5207,"Completion rate, by sex, location, wealth quintile and education level (%) - FEMALE"
2017,51.4449,"Completion rate, by sex, location, wealth quintile and education level (%) - FEMALE"
2017,33.5624,"Completion rate, by sex, location, wealth quintile and education level (%) - FEMALE"
2017,63.1264,"Completion rate, by sex, location, wealth quintile and education level (%) - FEMALE"
2017,4.2776,"Completion rate, by sex, location, wealth quintile and education level (%) - FEMALE"
2017,27.2556,"Completion rate, by sex, location, wealth quintile and education level (%) - FEMALE"
2017,56.5931,"Completion rate, by sex, location, wealth quintile and education level (%) - FEMALE"
2017,4.5561,"Completion rate, by sex, location, wealth quintile and education level (%) - FEMALE"
2017,36.747,"Completion rate, by sex, location, wealth quintile and education level (%) - FEMALE"
2017,27.7361,"Completion rate, by sex, location, wealth quintile and education level (%) - FEMALE"
2017,44.2603,"Completion rate, by sex, location, wealth quintile and education level (%) - FEMALE"
2017,16.7333,"Completion rate, by sex, location, wealth quintile and education level (%) - FEMALE"
2017,19.1684,"Completion rate, by sex, location, wealth quintile and education level (%) - FEMALE"
2017,56.7715,"Completion rate, by sex, location, wealth quintile and education level (%) - FEMALE"
2018,23.3602,"Completion rate, by sex, location, wealth quintile and education level (%) - FEMALE"
2018,65.5416,"Completion rate, by sex, location, wealth quintile and education level (%) - FEMALE"
2018,35.7685,"Completion rate, by sex, location, wealth quintile and education level (%) - FEMALE"
2018,46.1026,"Completion rate, by sex, location, wealth quintile and education level (%) - FEMALE"
2018,69.2416,"Completion rate, by sex, location, wealth quintile and education level (%) - FEMALE"
2018,2.981,"Completion rate, by sex, location, wealth quintile and education level (%) - FEMALE"
2018,26.7576,"Completion rate, by sex, location, wealth quintile and education level (%) - FEMALE"
2018,12.1048,"Completion rate, by sex, location, wealth quintile and education level (%) - FEMALE"
2018,39.3169,"Completion rate, by sex, location, wealth quintile and education level (%) - FEMALE"
2018,10.7054,"Completion rate, by sex, location, wealth quintile and education level (%) - FEMALE"
2018,15.0333,"Completion rate, by sex, location, wealth quintile and education level (%) - FEMALE"
2018,66.441,"Completion rate, by sex, location, wealth quintile and education level (%) - FEMALE"
2018,38.3863,"Completion rate, by sex, location, wealth quintile and education level (%) - FEMALE"
2018,24.3023,"Completion rate, by sex, location, wealth quintile and education level (%) - FEMALE"
2018,26.7964,"Completion rate, by sex, location, wealth quintile and education level (%) - FEMALE"
2018,63.3062,"Completion rate, by sex, location, wealth quintile and education level (%) - FEMALE"
2018,25.0995,"Completion rate, by sex, location, wealth quintile and education level (%) - FEMALE"
2018,37.3464,"Completion rate, by sex, location, wealth quintile and education level (%) - FEMALE"
2018,16.6866,"Completion rate, by sex, location, wealth quintile and education level (%) - FEMALE"
2018,72.3774,"Completion rate, by sex, location, wealth quintile and education level (%) - FEMALE"
2018,60.1193,"Completion rate, by sex, location, wealth quintile and education level (%) - FEMALE"
2018,47.7319,"Completion rate, by sex, location, wealth quintile and education level (%) - FEMALE"
2018,4.8606,"Completion rate, by sex, location, wealth quintile and education level (%) - FEMALE"
2018,29.8325,"Completion rate, by sex, location, wealth quintile and education level (%) - FEMALE"
2018,51.1905,"Completion rate, by sex, location, wealth quintile and education level (%) - FEMALE"
2018,58.1039,"Completion rate, by sex, location, wealth quintile and education level (%) - FEMALE"
2018,39.1747,"Completion rate, by sex, location, wealth quintile and education level (%) - FEMALE"
2018,4.8412,"Completion rate, by sex, location, wealth quintile and education level (%) - FEMALE"
2018,47.5363,"Completion rate, by sex, location, wealth quintile and education level (%) - FEMALE"
2018,24.9831,"Completion rate, by sex, location, wealth quintile and education level (%) - FEMALE"
2018,1.4141,"Completion rate, by sex, location, wealth quintile and education level (%) - FEMALE"
2018,5.0994,"Completion rate, by sex, location, wealth quintile and education level (%) - FEMALE"
2018,40.5674,"Completion rate, by sex, location, wealth quintile and education level (%) - FEMALE"
2018,20.2028,"Completion rate, by sex, location, wealth quintile and education level (%) - FEMALE"
2018,3.0671,"Completion rate, by sex, location, wealth quintile and education level (%) - FEMALE"
2018,64.0707,"Completion rate, by sex, location, wealth quintile and education level (%) - FEMALE"
2018,22.2697,"Completion rate, by sex, location, wealth quintile and education level (%) - FEMALE"
2018,74.7055,"Completion rate, by sex, location, wealth quintile and education level (%) - FEMALE"
2018,20.1443,"Completion rate, by sex, location, wealth quintile and education level (%) - FEMALE"
2018,35.2012,"Completion rate, by sex, location, wealth quintile and education level (%) - FEMALE"
2018,62.455,"Completion rate, by sex, location, wealth quintile and education level (%) - FEMALE"
2018,14.1125,"Completion rate, by sex, location, wealth quintile and education level (%) - FEMALE"
2018,8.6225,"Completion rate, by sex, location, wealth quintile and education level (%) - FEMALE"
2018,20.768,"Completion rate, by sex, location, wealth quintile and education level (%) - FEMALE"
2018,14.1523,"Completion rate, by sex, location, wealth quintile and education level (%) - FEMALE"
2018,26.9423,"Completion rate, by sex, location, wealth quintile and education level (%) - FEMALE"
2018,11.1213,"Completion rate, by sex, location, wealth quintile and education level (%) - FEMALE"
2018,42.7457,"Completion rate, by sex, location, wealth quintile and education level (%) - FEMALE"
2019,1.3384,"Completion rate, by sex, location, wealth quintile and education level (%) - FEMALE"
2019,45.0029,"Completion rate, by sex, location, wealth quintile and education level (%) - FEMALE"
2019,31.045,"Completion rate, by sex, location, wealth quintile and education level (%) - FEMALE"
2019,4.068,"Completion rate, by sex, location, wealth quintile and education level (%) - FEMALE"
2019,47.5699,"Completion rate, by sex, location, wealth quintile and education level (%) - FEMALE"
2019,50.4646,"Completion rate, by sex, location, wealth quintile and education level (%) - FEMALE"
2019,4.556,"Completion rate, by sex, location, wealth quintile and education level (%) - FEMALE"
2019,17.2945,"Completion rate, by sex, location, wealth quintile and education level (%) - FEMALE"
2019,39.8947,"Completion rate, by sex, location, wealth quintile and education level (%) - FEMALE"
2019,6.2884,"Completion rate, by sex, location, wealth quintile and education level (%) - FEMALE"
2019,18.4135,"Completion rate, by sex, location, wealth quintile and education level (%) - FEMALE"
2019,38.6444,"Completion rate, by sex, location, wealth quintile and education level (%) - FEMALE"
2019,5.0018,"Completion rate, by sex, location, wealth quintile and education level (%) - FEMALE"
2019,51.8781,"Completion rate, by sex, location, wealth quintile and education level (%) - FEMALE"
2019,4.976,"Completion rate, by sex, location, wealth quintile and education level (%) - FEMALE"
2019,40.9218,"Completion rate, by sex, location, wealth quintile and education level (%) - FEMALE"
2019,3.3375,"Completion rate, by sex, location, wealth quintile and education level (%) - FEMALE"
2019,26.6837,"Completion rate, by sex, location, wealth quintile and education level (%) - FEMALE"
2019,9.7177,"Completion rate, by sex, location, wealth quintile and education level (%) - FEMALE"
2019,50.659,"Completion rate, by sex, location, wealth quintile and education level (%) - FEMALE"
2019,31.0458,"Completion rate, by sex, location, wealth quintile and education level (%) - FEMALE"
2019,13.3341,"Completion rate, by sex, location, wealth quintile and education level (%) - FEMALE"
2019,58.5028,"Completion rate, by sex, location, wealth quintile and education level (%) - FEMALE"
2019,34.0696,"Completion rate, by sex, location, wealth quintile and education level (%) - FEMALE"
2019,11.5744,"Completion rate, by sex, location, wealth quintile and education level (%) - FEMALE"
2019,77.0919,"Completion rate, by sex, location, wealth quintile and education level (%) - FEMALE"
2019,11.4141,"Completion rate, by sex, location, wealth quintile and education level (%) - FEMALE"
2019,35.5733,"Completion rate, by sex, location, wealth quintile and education level (%) - FEMALE"
2019,23.4559,"Completion rate, by sex, location, wealth quintile and education level (%) - FEMALE"
2019,60.992,"Completion rate, by sex, location, wealth quintile and education level (%) - FEMALE"
2019,81.0478,"Completion rate, by sex, location, wealth quintile and education level (%) - FEMALE"
2019,68.2241,"Completion rate, by sex, location, wealth quintile and education level (%) - FEMALE"
2019,26.4575,"Completion rate, by sex, location, wealth quintile and education level (%) - FEMALE"
2019,13.8126,"Completion rate, by sex, location, wealth quintile and education level (%) - FEMALE"
2019,40.1343,"Completion rate, by sex, location, wealth quintile and education level (%) - FEMALE"
2019,68.7386,"Completion rate, by sex, location, wealth quintile and education level (%) - FEMALE"
2019,2.7372,"Completion rate, by sex, location, wealth quintile and education level (%) - FEMALE"
2019,0.8615,"Completion rate, by sex, location, wealth quintile and education level (%) - FEMALE"
2019,13.161,"Completion rate, by sex, location, wealth quintile and education level (%) - FEMALE"
2019,37.9639,"Completion rate, by sex, location, wealth quintile and education level (%) - FEMALE"
2019,3.2389,"Completion rate, by sex, location, wealth quintile and education level (%) - FEMALE"
2019,26.828,"Completion rate, by sex, location, wealth quintile and education level (%) - FEMALE"
2019,2.7688,"Completion rate, by sex, location, wealth quintile and education level (%) - FEMALE"
2019,68.5206,"Completion rate, by sex, location, wealth quintile and education level (%) - FEMALE"
2019,52.1835,"Completion rate, by sex, location, wealth quintile and education level (%) - FEMALE"
2019,17.233,"Completion rate, by sex, location, wealth quintile and education level (%) - FEMALE"
2019,14.3782,"Completion rate, by sex, location, wealth quintile and education level (%) - FEMALE"
2019,56.3031,"Completion rate, by sex, location, wealth quintile and education level (%) - FEMALE"
2019,16.7184,"Completion rate, by sex, location, wealth quintile and education level (%) - FEMALE"
2023,29.1286,"Completion rate, by sex, location, wealth quintile and education level (%) - FEMALE"
2023,41.334,"Completion rate, by sex, location, wealth quintile and education level (%) - FEMALE"
2023,22.6659,"Completion rate, by sex, location, wealth quintile and education level (%) - FEMALE"
2023,58.2111,"Completion rate, by sex, location, wealth quintile and education level (%) - FEMALE"
2023,10.672,"Completion rate, by sex, location, wealth quintile and education level (%) - FEMALE"
2023,54.5508,"Completion rate, by sex, location, wealth quintile and education level (%) - FEMALE"
2023,24.4536,"Completion rate, by sex, location, wealth quintile and education level (%) - FEMALE"
2023,8.314,"Completion rate, by sex, location, wealth quintile and education level (%) - FEMALE"
2023,5.5217,"Completion rate, by sex, location, wealth quintile and education level (%) - FEMALE"
2023,23.4717,"Completion rate, by sex, location, wealth quintile and education level (%) - FEMALE"
2023,10.476,"Completion rate, by sex, location, wealth quintile and education level (%) - FEMALE"
2023,60.4371,"Completion rate, by sex, location, wealth quintile and education level (%) - FEMALE"
2023,34.1501,"Completion rate, by sex, location, wealth quintile and education level (%) - FEMALE"
2023,13.2185,"Completion rate, by sex, location, wealth quintile and education level (%) - FEMALE"
2023,33.5686,"Completion rate, by sex, location, wealth quintile and education level (%) - FEMALE"
2023,59.9547,"Completion rate, by sex, location, wealth quintile and education level (%) - FEMALE"
2023,75.8552,"Completion rate, by sex, location, wealth quintile and education level (%) - FEMALE"
2023,55.3344,"Completion rate, by sex, location, wealth quintile and education level (%) - FEMALE"
2023,33.0797,"Completion rate, by sex, location, wealth quintile and education level (%) - FEMALE"
2023,47.0697,"Completion rate, by sex, location, wealth quintile and education level (%) - FEMALE"
2023,72.3592,"Completion rate, by sex, location, wealth quintile and education level (%) - FEMALE"
2023,14.0201,"Completion rate, by sex, location, wealth quintile and education level (%) - FEMALE"
2023,20.7049,"Completion rate, by sex, location, wealth quintile and education level (%) - FEMALE"
2023,31.2494,"Completion rate, by sex, location, wealth quintile and education level (%) - FEMALE"
2023,57.5854,"Completion rate, by sex, location, wealth quintile and education level (%) - FEMALE"
2023,27.1825,"Completion rate, by sex, location, wealth quintile and education level (%) - FEMALE"
2023,32.4053,"Completion rate, by sex, location, wealth quintile and education level (%) - FEMALE"
2023,45.4911,"Completion rate, by sex, location, wealth quintile and education level (%) - FEMALE"
2023,69.3813,"Completion rate, by sex, location, wealth quintile and education level (%) - FEMALE"
2023,56.5533,"Completion rate, by sex, location, wealth quintile and education level (%) - FEMALE"
2023,1.8555,"Completion rate, by sex, location, wealth quintile and education level (%) - FEMALE"
2023,39.2167,"Completion rate, by sex, location, wealth quintile and education level (%) - FEMALE"
2023,10.6129,"Completion rate, by sex, location, wealth quintile and education level (%) - FEMALE"
2023,50.3316,"Completion rate, by sex, location, wealth quintile and education level (%) - FEMALE"
2023,19.6532,"Completion rate, by sex, location, wealth quintile and education level (%) - FEMALE"
2023,0.8034,"Completion rate, by sex, location, wealth quintile and education level (%) - FEMALE"
2023,44.9784,"Completion rate, by sex, location, wealth quintile and education level (%) - FEMALE"
2023,71.8837,"Completion rate, by sex, location, wealth quintile and education level (%) - FEMALE"
2023,42.3072,"Completion rate, by sex, location, wealth quintile and education level (%) - FEMALE"
2023,15.5443,"Completion rate, by sex, location, wealth quintile and education level (%) - FEMALE"
2023,17.8534,"Completion rate, by sex, location, wealth quintile and education level (%) - FEMALE"
2023,8.7017,"Completion rate, by sex, location, wealth quintile and education level (%) - FEMALE"
2023,19.1796,"Completion rate, by sex, location, wealth quintile and education level (%) - FEMALE"
2023,36.8948,"Completion rate, by sex, location, wealth quintile and education level (%) - FEMALE"
2023,66.5189,"Completion rate, by sex, location, wealth quintile and education level (%) - FEMALE"
2023,11.8307,"Completion rate, by sex, location, wealth quintile and education level (%) - FEMALE"
2023,28.4782,"Completion rate, by sex, location, wealth quintile and education level (%) - FEMALE"
2023,52.3732,"Completion rate, by sex, location, wealth quintile and education level (%) - FEMALE"
2023,2.0032,"Completion rate, by sex, location, wealth quintile and education level (%) - FEMALE"
2023,14.39,"Completion rate, by sex, location, wealth quintile and education level (%) - FEMALE"
2023,39.3351,"Completion rate, by sex, location, wealth quintile and education level (%) - FEMALE"
2023,10.4919,"Completion rate, by sex, location, wealth quintile and education level (%) - FEMALE"
2023,51.5159,"Completion rate, by sex, location, wealth quintile and education level (%) - FEMALE"
2023,2.8797,"Completion rate, by sex, location, wealth quintile and education level (%) - FEMALE"
2000,38.57,"Completion rate, by sex, location, wealth quintile and education level (%) - MALE"
2000,18.14,"Completion rate, by sex, location, wealth quintile and education level (%) - MALE"
2000,10.07,"Completion rate, by sex, location, wealth quintile and education level (%) - MALE"
2002,10.6688,"Completion rate, by sex, location, wealth quintile and education level (%) - MALE"
2002,6.343,"Completion rate, by sex, location, wealth quintile and education level (%) - MALE"
2002,4.3124,"Completion rate, by sex, location, wealth quintile and education level (%) - MALE"
2002,17.4835,"Completion rate, by sex, location, wealth quintile and education level (%) - MALE"
2002,37.4681,"Completion rate, by sex, location, wealth quintile and education level (%) - MALE"
2002,58.1886,"Completion rate, by sex, location, wealth quintile and education level (%) - MALE"
2002,29.5099,"Completion rate, by sex, location, wealth quintile and education level (%) - MALE"
2002,16.3845,"Completion rate, by sex, location, wealth quintile and education level (%) - MALE"
2002,21.7556,"Completion rate, by sex, location, wealth quintile and education level (%) - MALE"
2005,1.4777,"Completion rate, by sex, location, wealth quintile and education level (%) - MALE"
2005,7.9938,"Completion rate, by sex, location, wealth quintile and education level (%) - MALE"
2005,1.7178,"Completion rate, by sex, location, wealth quintile and education level (%) - MALE"
2005,0.0,"Completion rate, by sex, location, wealth quintile and education level (%) - MALE"
2005,9.6902,"Completion rate, by sex, location, wealth quintile and education level (%) - MALE"
2005,4.9486,"Completion rate, by sex, location, wealth quintile and education level (%) - MALE"
2005,55.1518,"Completion rate, by sex, location, wealth quintile and education level (%) - MALE"
2005,33.357,"Completion rate, by sex, location, wealth quintile and education level (%) - MALE"
2005,10.9494,"Completion rate, by sex, location, wealth quintile and education level (%) - MALE"
2005,1.9145,"Completion rate, by sex, location, wealth quintile and education level (%) - MALE"
2005,52.4665,"Completion rate, by sex, location, wealth quintile and education level (%) - MALE"
2005,7.0302,"Completion rate, by sex, location, wealth quintile and education level (%) - MALE"
2005,22.2253,"Completion rate, by sex, location, wealth quintile and education level (%) - MALE"
2005,43.1921,"Completion rate, by sex, location, wealth quintile and education level (%) - MALE"
2005,1.8779,"Completion rate, by sex, location, wealth quintile and education level (%) - MALE"
2005,27.8476,"Completion rate, by sex, location, wealth quintile and education level (%) - MALE"
2005,12.9382,"Completion rate, by sex, location, wealth quintile and education level (%) - MALE"
2005,4.8891,"Completion rate, by sex, location, wealth quintile and education level (%) - MALE"
2005,11.045,"Completion rate, by sex, location, wealth quintile and education level (%) - MALE"
2005,2.3511,"Completion rate, by sex, location, wealth quintile and education level (%) - MALE"
2005,1.401,"Completion rate, by sex, location, wealth quintile and education level (%) - MALE"
2005,23.1421,"Completion rate, by sex, location, wealth quintile and education level (%) - MALE"
2005,2.9288,"Completion rate, by sex, location, wealth quintile and education level (%) - MALE"
2005,1.3616,"Completion rate, by sex, location, wealth quintile and education level (%) - MALE"
2005,1.5954,"Completion rate, by sex, location, wealth quintile and education level (%) - MALE"
2005,12.2281,"Completion rate, by sex, location, wealth quintile and education level (%) - MALE"
2005,2.9441,"Completion rate, by sex, location, wealth quintile and education level (%) - MALE"
2005,37.6168,"Completion rate, by sex, location, wealth quintile and education level (%) - MALE"
2005,15.6602,"Completion rate, by sex, location, wealth quintile and education level (%) - MALE"
2005,13.2362,"Completion rate, by sex, location, wealth quintile and education level (%) - MALE"
2005,30.4778,"Completion rate, by sex, location, wealth quintile and education level (%) - MALE"
2005,10.5928,"Completion rate, by sex, location, wealth quintile and education level (%) - MALE"
2005,35.3132,"Completion rate, by sex, location, wealth quintile and education level (%) - MALE"
2005,13.1832,"Completion rate, by sex, location, wealth quintile and education level (%) - MALE"
2005,4.3501,"Completion rate, by sex, location, wealth quintile and education level (%) - MALE"
2005,23.4446,"Completion rate, by sex, location, wealth quintile and education level (%) - MALE"
2005,24.1895,"Completion rate, by sex, location, wealth quintile and education level (%) - MALE"
2005,10.0975,"Completion rate, by sex, location, wealth quintile and education level (%) - MALE"
2005,0.0,"Completion rate, by sex, location, wealth quintile and education level (%) - MALE"
2005,29.6629,"Completion rate, by sex, location, wealth quintile and education level (%) - MALE"
2005,6.7006,"Completion rate, by sex, location, wealth quintile and education level (%) - MALE"
2005,7.8852,"Completion rate, by sex, location, wealth quintile and education level (%) - MALE"
2005,1.6739,"Completion rate, by sex, location, wealth quintile and education level (%) - MALE"
2005,2.7472,"Completion rate, by sex, location, wealth quintile and education level (%) - MALE"
2005,26.0417,"Completion rate, by sex, location, wealth quintile and education level (%) - MALE"
2005,7.5207,"Completion rate, by sex, location, wealth quintile and education level (%) - MALE"
2005,0.0,"Completion rate, by sex, location, wealth quintile and education level (%) - MALE"
2005,2.5054,"Completion rate, by sex, location, wealth quintile and education level (%) - MALE"
2005,24.3547,"Completion rate, by sex, location, wealth quintile and education level (%) - MALE"
2005,2.0681,"Completion rate, by sex, location, wealth quintile and education level (%) - MALE"
2005,0.0,"Completion rate, by sex, location, wealth quintile and education level (%) - MALE"
2011,0.0,"Completion rate, by sex, location, wealth quintile and education level (%) - MALE"
2011,14.4823,"Completion rate, by sex, location, wealth quintile and education level (%) - MALE"
2011,30.5462,"Completion rate, by sex, location, wealth quintile and education level (%) - MALE"
2011,1.3378,"Completion rate, by sex, location, wealth quintile and education level (%) - MALE"
2011,19.507,"Completion rate, by sex, location, wealth quintile and education level (%) - MALE"
2011,39.5637,"Completion rate, by sex, location, wealth quintile and education level (%) - MALE"
2011,4.8647,"Completion rate, by sex, location, wealth quintile and education level (%) - MALE"
2011,4.3712,"Completion rate, by sex, location, wealth quintile and education level (%) - MALE"
2011,46.8791,"Completion rate, by sex, location, wealth quintile and education level (%) - MALE"
2011,5.1227,"Completion rate, by sex, location, wealth quintile and education level (%) - MALE"
2011,29.6565,"Completion rate, by sex, location, wealth quintile and education level (%) - MALE"
2011,43.8092,"Completion rate, by sex, location, wealth quintile and education level (%) - MALE"
2011,51.7032,"Completion rate, by sex, location, wealth quintile and education level (%) - MALE"
2011,66.3325,"Completion rate, by sex, location, wealth quintile and education level (%) - MALE"
2011,6.5719,"Completion rate, by sex, location, wealth quintile and education level (%) - MALE"
2011,20.1199,"Completion rate, by sex, location, wealth quintile and education level (%) - MALE"
2011,49.2346,"Completion rate, by sex, location, wealth quintile and education level (%) - MALE"
2011,18.1003,"Completion rate, by sex, location, wealth quintile and education level (%) - MALE"
2011,7.8027,"Completion rate, by sex, location, wealth quintile and education level (%) - MALE"
2011,21.876,"Completion rate, by sex, location, wealth quintile and education level (%) - MALE"
2011,54.4881,"Completion rate, by sex, location, wealth quintile and education level (%) - MALE"
2011,7.2179,"Completion rate, by sex, location, wealth quintile and education level (%) - MALE"
2011,26.2439,"Completion rate, by sex, location, wealth quintile and education level (%) - MALE"
2011,1.5291,"Completion rate, by sex, location, wealth quintile and education level (%) - MALE"
2011,19.3428,"Completion rate, by sex, location, wealth quintile and education level (%) - MALE"
2011,7.9478,"Completion rate, by sex, location, wealth quintile and education level (%) - MALE"
2011,18.9311,"Completion rate, by sex, location, wealth quintile and education level (%) - MALE"
2011,41.1202,"Completion rate, by sex, location, wealth quintile and education level (%) - MALE"
2011,23.3031,"Completion rate, by sex, location, wealth quintile and education level (%) - MALE"
2011,25.2019,"Completion rate, by sex, location, wealth quintile and education level (%) - MALE"
2011,7.4689,"Completion rate, by sex, location, wealth quintile and education level (%) - MALE"
2011,58.4814,"Completion rate, by sex, location, wealth quintile and education level (%) - MALE"
2011,30.9569,"Completion rate, by sex, location, wealth quintile and education level (%) - MALE"
2011,11.9661,"Completion rate, by sex, location, wealth quintile and education level (%) - MALE"
2011,38.0965,"Completion rate, by sex, location, wealth quintile and education level (%) - MALE"
2011,26.8211,"Completion rate, by sex, location, wealth quintile and education level (%) - MALE"
2011,6.7617,"Completion rate, by sex, location, wealth quintile and education level (%) - MALE"
2011,18.869,"Completion rate, by sex, location, wealth quintile and education level (%) - MALE"
2011,42.0057,"Completion rate, by sex, location, wealth quintile and education level (%) - MALE"
2011,74.588,"Completion rate, by sex, location, wealth quintile and education level (%) - MALE"
2011,1.1582,"Completion rate, by sex, location, wealth quintile and education level (%) - MALE"
2011,4.3117,"Completion rate, by sex, location, wealth quintile and education level (%) - MALE"
2011,30.934,"Completion rate, by sex, location, wealth quintile and education level (%) - MALE"
2011,0.9556,"Completion rate, by sex, location, wealth quintile and education level (%) - MALE"
2011,3.0013,"Completion rate, by sex, location, wealth quintile and education level (%) - MALE"
2011,17.7722,"Completion rate, by sex, location, wealth quintile and education level (%) - MALE"
2011,2.1804,"Completion rate, by sex, location, wealth quintile and education level (%) - MALE"
2011,11.9678,"Completion rate, by sex, location, wealth quintile and education level (%) - MALE"
2011,33.4374,"Completion rate, by sex, location, wealth quintile and education level (%) - MALE"
2011,2.0117,"Completion rate, by sex, location, wealth quintile and education level (%) - MALE"
2011,8.1631,"Completion rate, by sex, location, wealth quintile and education level (%) - MALE"
2011,32.7497,"Completion rate, by sex, location, wealth quintile and education level (%) - MALE"
2014,22.14,"Completion rate, by sex, location, wealth quintile and education level (%) - MALE"
2014,6.05,"Completion rate, by sex, location, wealth quintile and education level (%) - MALE"
2014,53.07,"Completion rate, by sex, location, wealth quintile and education level (%) - MALE"
2014,29.11,"Completion rate, by sex, location, wealth quintile and education level (%) - MALE"
2014,6.9,"Completion rate, by sex, location, wealth quintile and education level (%) - MALE"
2014,85.2,"Completion rate, by sex, location, wealth quintile and education level (%) - MALE"
2014,48.68,"Completion rate, by sex, location, wealth quintile and education level (%) - MALE"
2014,15.95,"Completion rate, by sex, location, wealth quintile and education level (%) - MALE"
2014,35.49,"Completion rate, by sex, location, wealth quintile and education level (%) - MALE"
2014,64.71,"Completion rate, by sex, location, wealth quintile and education level (%) - MALE"
2014,61.26,"Completion rate, by sex, location, wealth quintile and education level (%) - MALE"
2014,24.55,"Completion rate, by sex, location, wealth quintile and education level (%) - MALE"
2014,4.84,"Completion rate, by sex, location, wealth quintile and education level (%) - MALE"
2014,37.67,"Completion rate, by sex, location, wealth quintile and education level (%) - MALE"
2014,18.51,"Completion rate, by sex, location, wealth quintile and education level (%) - MALE"
2014,1.22,"Completion rate, by sex, location, wealth quintile and education level (%) - MALE"
2014,41.87,"Completion rate, by sex, location, wealth quintile and education level (%) - MALE"
2014,13.08,"Completion rate, by sex, location, wealth quintile and education level (%) - MALE"
2014,2.0,"Completion rate, by sex, location, wealth quintile and education level (%) - MALE"
2014,42.19,"Completion rate, by sex, location, wealth quintile and education level (%) - MALE"
2014,15.25,"Completion rate, by sex, location, wealth quintile and education level (%) - MALE"
2014,5.19,"Completion rate, by sex, location, wealth quintile and education level (%) - MALE"
2014,32.68,"Completion rate, by sex, location, wealth quintile and education level (%) - MALE"
2014,8.49,"Completion rate, by sex, location, wealth quintile and education level (%) - MALE"
2014,1.02,"Completion rate, by sex, location, wealth quintile and education level (%) - MALE"
2014,35.53,"Completion rate, by sex, location, wealth quintile and education level (%) - MALE"
2014,9.33,"Completion rate, by sex, location, wealth quintile and education level (%) - MALE"
2014,1.11,"Completion rate, by sex, location, wealth quintile and education level (%) - MALE"
2014,28.76,"Completion rate, by sex, location, wealth quintile and education level (%) - MALE"
2014,17.79,"Completion rate, by sex, location, wealth quintile and education level (%) - MALE"
2014,36.54,"Completion rate, by sex, location, wealth quintile and education level (%) - MALE"
2014,51.77,"Completion rate, by sex, location, wealth quintile and education level (%) - MALE"
2014,30.92,"Completion rate, by sex, location, wealth quintile and education level (%) - MALE"
2014,51.08,"Completion rate, by sex, location, wealth quintile and education level (%) - MALE"
2014,30.39,"Completion rate, by sex, location, wealth quintile and education level (%) - MALE"
2014,6.29,"Completion rate, by sex, location, wealth quintile and education level (%) - MALE"
2014,81.31,"Completion rate, by sex, location, wealth quintile and education level (%) - MALE"
2014,50.39,"Completion rate, by sex, location, wealth quintile and education level (%) - MALE"
2014,27.25,"Completion rate, by sex, location, wealth quintile and education level (%) - MALE"
2014,12.09,"Completion rate, by sex, location, wealth quintile and education level (%) - MALE"
2014,32.72,"Completion rate, by sex, location, wealth quintile and education level (%) - MALE"
2014,10.02,"Completion rate, by sex, location, wealth quintile and education level (%) - MALE"
2014,4.13,"Completion rate, by sex, location, wealth quintile and education level (%) - MALE"
2014,40.41,"Completion rate, by sex, location, wealth quintile and education level (%) - MALE"
2014,2.24,"Completion rate, by sex, location, wealth quintile and education level (%) - MALE"
2014,42.57,"Completion rate, by sex, location, wealth quintile and education level (%) - MALE"
2015,5.0573,"Completion rate, by sex, location, wealth quintile and education level (%) - MALE"
2015,1.4475,"Completion rate, by sex, location, wealth quintile and education level (%) - MALE"
2015,20.6333,"Completion rate, by sex, location, wealth quintile and education level (%) - MALE"
2015,45.2082,"Completion rate, by sex, location, wealth quintile and education level (%) - MALE"
2015,2.6992,"Completion rate, by sex, location, wealth quintile and education level (%) - MALE"
2015,13.8954,"Completion rate, by sex, location, wealth quintile and education level (%) - MALE"
2015,33.147,"Completion rate, by sex, location, wealth quintile and education level (%) - MALE"
2015,10.6192,"Completion rate, by sex, location, wealth quintile and education level (%) - MALE"
2015,27.1961,"Completion rate, by sex, location, wealth quintile and education level (%) - MALE"
2015,28.3519,"Completion rate, by sex, location, wealth quintile and education level (%) - MALE"
2015,63.1589,"Completion rate, by sex, location, wealth quintile and education level (%) - MALE"
2015,37.63,"Completion rate, by sex, location, wealth quintile and education level (%) - MALE"
2015,16.358,"Completion rate, by sex, location, wealth quintile and education level (%) - MALE"
2015,72.2073,"Completion rate, by sex, location, wealth quintile and education level (%) - MALE"
2015,17.486,"Completion rate, by sex, location, wealth quintile and education level (%) - MALE"
2015,24.0118,"Completion rate, by sex, location, wealth quintile and education level (%) - MALE"
2015,58.2192,"Completion rate, by sex, location, wealth quintile and education level (%) - MALE"
2015,77.1923,"Completion rate, by sex, location, wealth quintile and education level (%) - MALE"
2015,10.0204,"Completion rate, by sex, location, wealth quintile and education level (%) - MALE"
2015,40.0994,"Completion rate, by sex, location, wealth quintile and education level (%) - MALE"
2015,1.5935,"Completion rate, by sex, location, wealth quintile and education level (%) - MALE"
2015,13.8633,"Completion rate, by sex, location, wealth quintile and education level (%) - MALE"
2015,33.5069,"Completion rate, by sex, location, wealth quintile and education level (%) - MALE"
2015,2.8579,"Completion rate, by sex, location, wealth quintile and education level (%) - MALE"
2015,34.7503,"Completion rate, by sex, location, wealth quintile and education level (%) - MALE"
2015,19.8473,"Completion rate, by sex, location, wealth quintile and education level (%) - MALE"
2015,17.9717,"Completion rate, by sex, location, wealth quintile and education level (%) - MALE"
2015,39.6411,"Completion rate, by sex, location, wealth quintile and education level (%) - MALE"
2015,1.4949,"Completion rate, by sex, location, wealth quintile and education level (%) - MALE"
2015,24.1421,"Completion rate, by sex, location, wealth quintile and education level (%) - MALE"
2015,47.3335,"Completion rate, by sex, location, wealth quintile and education level (%) - MALE"
2015,6.4213,"Completion rate, by sex, location, wealth quintile and education level (%) - MALE"
2015,8.8884,"Completion rate, by sex, location, wealth quintile and education level (%) - MALE"
2015,23.9924,"Completion rate, by sex, location, wealth quintile and education level (%) - MALE"
2015,52.3047,"Completion rate, by sex, location, wealth quintile and education level (%) - MALE"
2015,23.6008,"Completion rate, by sex, location, wealth quintile and education level (%) - MALE"
2015,54.6214,"Completion rate, by sex, location, wealth quintile and education level (%) - MALE"
2015,37.8205,"Completion rate, by sex, location, wealth quintile and education level (%) - MALE"
2015,49.5181,"Completion rate, by sex, location, wealth quintile and education level (%) - MALE"
2015,50.3615,"Completion rate, by sex, location, wealth quintile and education level (%) - MALE"
2015,3.47,"Completion rate, by sex, location, wealth quintile and education level (%) - MALE"
2015,19.1579,"Completion rate, by sex, location, wealth quintile and education level (%) - MALE"
2015,36.284,"Completion rate, by sex, location, wealth quintile and education level (%) - MALE"
2015,25.7023,"Completion rate, by sex, location, wealth quintile and education level (%) - MALE"
2015,57.5472,"Completion rate, by sex, location, wealth quintile and education level (%) - MALE"
2015,10.6168,"Completion rate, by sex, location, wealth quintile and education level (%) - MALE"
2015,28.0239,"Completion rate, by sex, location, wealth quintile and education level (%) - MALE"
2015,3.1047,"Completion rate, by sex, location, wealth quintile and education level (%) - MALE"
2015,17.7098,"Completion rate, by sex, location, wealth quintile and education level (%) - MALE"
2016,38.7553,"Completion rate, by sex, location, wealth quintile and education level (%) - MALE"
2016,10.7137,"Completion rate, by sex, location, wealth quintile and education level (%) - MALE"
2016,3.564,"Completion rate, by sex, location, wealth quintile and education level (%) - MALE"
2016,27.7211,"Completion rate, by sex, location, wealth quintile and education level (%) - MALE"
2016,8.7691,"Completion rate, by sex, location, wealth quintile and education level (%) - MALE"
2016,17.074,"Completion rate, by sex, location, wealth quintile and education level (%) - MALE"
2016,35.3089,"Completion rate, by sex, location, wealth quintile and education level (%) - MALE"
2016,36.7064,"Completion rate, by sex, location, wealth quintile and education level (%) - MALE"
2016,24.8901,"Completion rate, by sex, location, wealth quintile and education level (%) - MALE"
2016,54.0233,"Completion rate, by sex, location, wealth quintile and education level (%) - MALE"
2016,53.3204,"Completion rate, by sex, location, wealth quintile and education level (%) - MALE"
2016,26.9548,"Completion rate, by sex, location, wealth quintile and education level (%) - MALE"
2016,3.495,"Completion rate, by sex, location, wealth quintile and education level (%) - MALE"
2016,59.9012,"Completion rate, by sex, location, wealth quintile and education level (%) - MALE"
2016,49.4266,"Completion rate, by sex, location, wealth quintile and education level (%) - MALE"
2016,6.8541,"Completion rate, by sex, location, wealth quintile and education level (%) - MALE"
2016,52.3623,"Completion rate, by sex, location, wealth quintile and education level (%) - MALE"
2016,30.4282,"Completion rate, by sex, location, wealth quintile and education level (%) - MALE"
2016,0.612,"Completion rate, by sex, location, wealth quintile and education level (%) - MALE"
2016,41.0961,"Completion rate, by sex, location, wealth quintile and education level (%) - MALE"
2016,2.9547,"Completion rate, by sex, location, wealth quintile and education level (%) - MALE"
2016,24.4654,"Completion rate, by sex, location, wealth quintile and education level (%) - MALE"
2016,5.4724,"Completion rate, by sex, location, wealth quintile and education level (%) - MALE"
2016,0.636,"Completion rate, by sex, location, wealth quintile and education level (%) - MALE"
2016,60.5721,"Completion rate, by sex, location, wealth quintile and education level (%) - MALE"
2016,25.6563,"Completion rate, by sex, location, wealth quintile and education level (%) - MALE"
2016,14.74,"Completion rate, by sex, location, wealth quintile and education level (%) - MALE"
2016,80.7863,"Completion rate, by sex, location, wealth quintile and education level (%) - MALE"
2016,36.6971,"Completion rate, by sex, location, wealth quintile and education level (%) - MALE"
2016,25.8673,"Completion rate, by sex, location, wealth quintile and education level (%) - MALE"
2016,26.5427,"Completion rate, by sex, location, wealth quintile and education level (%) - MALE"
2016,13.1479,"Completion rate, by sex, location, wealth quintile and education level (%) - MALE"
2016,77.2787,"Completion rate, by sex, location, wealth quintile and education level (%) - MALE"
2016,18.4705,"Completion rate, by sex, location, wealth quintile and education level (%) - MALE"
2016,30.0407,"Completion rate, by sex, location, wealth quintile and education level (%) - MALE"
2016,67.1946,"Completion rate, by sex, location, wealth quintile and education level (%) - MALE"
2016,23.8733,"Completion rate, by sex, location, wealth quintile and education level (%) - MALE"
2016,12.2384,"Completion rate, by sex, location, wealth quintile and education level (%) - MALE"
2016,25.7427,"Completion rate, by sex, location, wealth quintile and education level (%) - MALE"
2016,5.833,"Completion rate, by sex, location, wealth quintile and education level (%) - MALE"
2016,13.3558,"Completion rate, by sex, location, wealth quintile and education level (%) - MALE"
2016,3.5512,"Completion rate, by sex, location, wealth quintile and education level (%) - MALE"
2016,46.867,"Completion rate, by sex, location, wealth quintile and education level (%) - MALE"
2016,32.9623,"Completion rate, by sex, location, wealth quintile and education level (%) - MALE"
2016,5.0842,"Completion rate, by sex, location, wealth quintile and education level (%) - MALE"
2016,31.9855,"Completion rate, by sex, location, wealth quintile and education level (%) - MALE"
2017,34.6046,"Completion rate, by sex, location, wealth quintile and education level (%) - MALE"
2017,7.5019,"Completion rate, by sex, location, wealth quintile and education level (%) - MALE"
2017,39.7266,"Completion rate, by sex, location, wealth quintile and education level (%) - MALE"
2017,3.7255,"Completion rate, by sex, location, wealth quintile and education level (%) - MALE"
2017,30.5384,"Completion rate, by sex, location, wealth quintile and education level (%) - MALE"
2017,48.4941,"Completion rate, by sex, location, wealth quintile and education level (%) - MALE"
2017,11.147,"Completion rate, by sex, location, wealth quintile and education level (%) - MALE"
2017,48.53,"Completion rate, by sex, location, wealth quintile and education level (%) - MALE"
2017,50.4702,"Completion rate, by sex, location, wealth quintile and education level (%) - MALE"
2017,4.4132,"Completion rate, by sex, location, wealth quintile and education level (%) - MALE"
2017,14.565,"Completion rate, by sex, location, wealth quintile and education level (%) - MALE"
2017,46.0491,"Completion rate, by sex, location, wealth quintile and education level (%) - MALE"
2017,77.6813,"Completion rate, by sex, location, wealth quintile and education level (%) - MALE"
2017,18.7725,"Completion rate, by sex, location, wealth quintile and education level (%) - MALE"
2017,29.7961,"Completion rate, by sex, location, wealth quintile and education level (%) - MALE"
2017,52.6772,"Completion rate, by sex, location, wealth quintile and education level (%) - MALE"
2017,26.1958,"Completion rate, by sex, location, wealth quintile and education level (%) - MALE"
2017,20.5154,"Completion rate, by sex, location, wealth quintile and education level (%) - MALE"
2017,32.2628,"Completion rate, by sex, location, wealth quintile and education level (%) - MALE"
2017,57.0808,"Completion rate, by sex, location, wealth quintile and education level (%) - MALE"
2017,10.616,"Completion rate, by sex, location, wealth quintile and education level (%) - MALE"
2017,35.2658,"Completion rate, by sex, location, wealth quintile and education level (%) - MALE"
2017,7.1571,"Completion rate, by sex, location, wealth quintile and education level (%) - MALE"
2017,19.1552,"Completion rate, by sex, location, wealth quintile and education level (%) - MALE"
2017,11.5569,"Completion rate, by sex, location, wealth quintile and education level (%) - MALE"
2017,26.1312,"Completion rate, by sex, location, wealth quintile and education level (%) - MALE"
2017,46.961,"Completion rate, by sex, location, wealth quintile and education level (%) - MALE"
2017,6.3357,"Completion rate, by sex, location, wealth quintile and education level (%) - MALE"
2017,18.3507,"Completion rate, by sex, location, wealth quintile and education level (%) - MALE"
2017,8.7958,"Completion rate, by sex, location, wealth quintile and education level (%) - MALE"
2017,29.528,"Completion rate, by sex, location, wealth quintile and education level (%) - MALE"
2017,14.6742,"Completion rate, by sex, location, wealth quintile and education level (%) - MALE"
2017,28.9642,"Completion rate, by sex, location, wealth quintile and education level (%) - MALE"
2017,49.9546,"Completion rate, by sex, location, wealth quintile and education level (%) - MALE"
2017,37.8743,"Completion rate, by sex, location, wealth quintile and education level (%) - MALE"
2017,17.8357,"Completion rate, by sex, location, wealth quintile and education level (%) - MALE"
2017,27.211,"Completion rate, by sex, location, wealth quintile and education level (%) - MALE"
2017,51.4287,"Completion rate, by sex, location, wealth quintile and education level (%) - MALE"
2017,83.9351,"Completion rate, by sex, location, wealth quintile and education level (%) - MALE"
2017,25.5759,"Completion rate, by sex, location, wealth quintile and education level (%) - MALE"
2017,21.7093,"Completion rate, by sex, location, wealth quintile and education level (%) - MALE"
2017,63.1253,"Completion rate, by sex, location, wealth quintile and education level (%) - MALE"
2017,49.6632,"Completion rate, by sex, location, wealth quintile and education level (%) - MALE"
2017,39.2694,"Completion rate, by sex, location, wealth quintile and education level (%) - MALE"
2017,20.7099,"Completion rate, by sex, location, wealth quintile and education level (%) - MALE"
2017,6.672,"Completion rate, by sex, location, wealth quintile and education level (%) - MALE"
2017,18.8766,"Completion rate, by sex, location, wealth quintile and education level (%) - MALE"
2017,38.907,"Completion rate, by sex, location, wealth quintile and education level (%) - MALE"
2017,3.579,"Completion rate, by sex, location, wealth quintile and education level (%) - MALE"
2017,8.1096,"Completion rate, by sex, location, wealth quintile and education level (%) - MALE"
2017,29.7009,"Completion rate, by sex, location, wealth quintile and education level (%) - MALE"
2018,5.1884,"Completion rate, by sex, location, wealth quintile and education level (%) - MALE"
2018,28.8452,"Completion rate, by sex, location, wealth quintile and education level (%) - MALE"
2018,6.3965,"Completion rate, by sex, location, wealth quintile and education level (%) - MALE"
2018,59.5339,"Completion rate, by sex, location, wealth quintile and education level (%) - MALE"
2018,34.2204,"Completion rate, by sex, location, wealth quintile and education level (%) - MALE"
2018,19.8662,"Completion rate, by sex, location, wealth quintile and education level (%) - MALE"
2018,34.7779,"Completion rate, by sex, location, wealth quintile and education level (%) - MALE"
2018,57.2767,"Completion rate, by sex, location, wealth quintile and education level (%) - MALE"
2018,32.7268,"Completion rate, by sex, location, wealth quintile and education level (%) - MALE"
2018,19.0352,"Completion rate, by sex, location, wealth quintile and education level (%) - MALE"
2018,76.0582,"Completion rate, by sex, location, wealth quintile and education level (%) - MALE"
2018,49.6137,"Completion rate, by sex, location, wealth quintile and education level (%) - MALE"
2018,32.0539,"Completion rate, by sex, location, wealth quintile and education level (%) - MALE"
2018,50.4582,"Completion rate, by sex, location, wealth quintile and education level (%) - MALE"
2018,41.5841,"Completion rate, by sex, location, wealth quintile and education level (%) - MALE"
2018,22.3006,"Completion rate, by sex, location, wealth quintile and education level (%) - MALE"
2018,2.3465,"Completion rate, by sex, location, wealth quintile and education level (%) - MALE"
2018,45.5522,"Completion rate, by sex, location, wealth quintile and education level (%) - MALE"
2018,16.8119,"Completion rate, by sex, location, wealth quintile and education level (%) - MALE"
2018,50.3578,"Completion rate, by sex, location, wealth quintile and education level (%) - MALE"
2018,33.1314,"Completion rate, by sex, location, wealth quintile and education level (%) - MALE"
2018,12.6004,"Completion rate, by sex, location, wealth quintile and education level (%) - MALE"
2018,2.4992,"Completion rate, by sex, location, wealth quintile and education level (%) - MALE"
2018,45.045,"Completion rate, by sex, location, wealth quintile and education level (%) - MALE"
2018,14.9805,"Completion rate, by sex, location, wealth quintile and education level (%) - MALE"
2018,56.611,"Completion rate, by sex, location, wealth quintile and education level (%) - MALE"
2018,81.8946,"Completion rate, by sex, location, wealth quintile and education level (%) - MALE"
2018,47.3108,"Completion rate, by sex, location, wealth quintile and education level (%) - MALE"
2018,36.9269,"Completion rate, by sex, location, wealth quintile and education level (%) - MALE"
2018,17.2882,"Completion rate, by sex, location, wealth quintile and education level (%) - MALE"
2018,39.3595,"Completion rate, by sex, location, wealth quintile and education level (%) - MALE"
2018,47.3102,"Completion rate, by sex, location, wealth quintile and education level (%) - MALE"
2018,23.2743,"Completion rate, by sex, location, wealth quintile and education level (%) - MALE"
2018,39.2611,"Completion rate, by sex, location, wealth quintile and education level (%) - MALE"
2018,40.1398,"Completion rate, by sex, location, wealth quintile and education level (%) - MALE"
2018,67.1381,"Completion rate, by sex, location, wealth quintile and education level (%) - MALE"
2018,25.9975,"Completion rate, by sex, location, wealth quintile and education level (%) - MALE"
2018,45.233,"Completion rate, by sex, location, wealth quintile and education level (%) - MALE"
2018,27.8691,"Completion rate, by sex, location, wealth quintile and education level (%) - MALE"
2018,15.2624,"Completion rate, by sex, location, wealth quintile and education level (%) - MALE"
2018,33.8477,"Completion rate, by sex, location, wealth quintile and education level (%) - MALE"
2018,13.61,"Completion rate, by sex, location, wealth quintile and education level (%) - MALE"
2018,7.1539,"Completion rate, by sex, location, wealth quintile and education level (%) - MALE"
2018,2.1945,"Completion rate, by sex, location, wealth quintile and education level (%) - MALE"
2018,36.0492,"Completion rate, by sex, location, wealth quintile and education level (%) - MALE"
2018,2.5639,"Completion rate, by sex, location, wealth quintile and education level (%) - MALE"
2018,18.3612,"Completion rate, by sex, location, wealth quintile and education level (%) - MALE"
2018,7.6395,"Completion rate, by sex, location, wealth quintile and education level (%) - MALE"
2018,28.3896,"Completion rate, by sex, location, wealth quintile and education level (%) - MALE"
2019,47.7794,"Completion rate, by sex, location, wealth quintile and education level (%) - MALE"
2019,17.2474,"Completion rate, by sex, location, wealth quintile and education level (%) - MALE"
2019,5.1001,"Completion rate, by sex, location, wealth quintile and education level (%) - MALE"
2019,4.9129,"Completion rate, by sex, location, wealth quintile and education level (%) - MALE"
2019,22.0336,"Completion rate, by sex, location, wealth quintile and education level (%) - MALE"
2019,31.2089,"Completion rate, by sex, location, wealth quintile and education level (%) - MALE"
2019,39.2651,"Completion rate, by sex, location, wealth quintile and education level (%) - MALE"
2019,8.0314,"Completion rate, by sex, location, wealth quintile and education level (%) - MALE"
2019,10.7977,"Completion rate, by sex, location, wealth quintile and education level (%) - MALE"
2019,25.9832,"Completion rate, by sex, location, wealth quintile and education level (%) - MALE"
2019,19.815,"Completion rate, by sex, location, wealth quintile and education level (%) - MALE"
2019,62.566,"Completion rate, by sex, location, wealth quintile and education level (%) - MALE"
2019,58.1405,"Completion rate, by sex, location, wealth quintile and education level (%) - MALE"
2019,54.033,"Completion rate, by sex, location, wealth quintile and education level (%) - MALE"
2019,38.3489,"Completion rate, by sex, location, wealth quintile and education level (%) - MALE"
2019,47.2098,"Completion rate, by sex, location, wealth quintile and education level (%) - MALE"
2019,33.4785,"Completion rate, by sex, location, wealth quintile and education level (%) - MALE"
2019,15.3763,"Completion rate, by sex, location, wealth quintile and education level (%) - MALE"
2019,25.1249,"Completion rate, by sex, location, wealth quintile and education level (%) - MALE"
2019,50.0556,"Completion rate, by sex, location, wealth quintile and education level (%) - MALE"
2019,44.2242,"Completion rate, by sex, location, wealth quintile and education level (%) - MALE"
2019,16.3643,"Completion rate, by sex, location, wealth quintile and education level (%) - MALE"
2019,34.334,"Completion rate, by sex, location, wealth quintile and education level (%) - MALE"
2019,1.9624,"Completion rate, by sex, location, wealth quintile and education level (%) - MALE"
2019,10.9136,"Completion rate, by sex, location, wealth quintile and education level (%) - MALE"
2019,7.7049,"Completion rate, by sex, location, wealth quintile and education level (%) - MALE"
2019,34.9053,"Completion rate, by sex, location, wealth quintile and education level (%) - MALE"
2019,7.3988,"Completion rate, by sex, location, wealth quintile and education level (%) - MALE"
2019,16.9423,"Completion rate, by sex, location, wealth quintile and education level (%) - MALE"
2019,38.5966,"Completion rate, by sex, location, wealth quintile and education level (%) - MALE"
2019,3.45,"Completion rate, by sex, location, wealth quintile and education level (%) - MALE"
2019,11.5407,"Completion rate, by sex, location, wealth quintile and education level (%) - MALE"
2019,27.9286,"Completion rate, by sex, location, wealth quintile and education level (%) - MALE"
2019,43.9775,"Completion rate, by sex, location, wealth quintile and education level (%) - MALE"
2019,16.2435,"Completion rate, by sex, location, wealth quintile and education level (%) - MALE"
2019,71.5267,"Completion rate, by sex, location, wealth quintile and education level (%) - MALE"
2019,11.8487,"Completion rate, by sex, location, wealth quintile and education level (%) - MALE"
2019,27.2784,"Completion rate, by sex, location, wealth quintile and education level (%) - MALE"
2019,52.1196,"Completion rate, by sex, location, wealth quintile and education level (%) - MALE"
2019,23.846,"Completion rate, by sex, location, wealth quintile and education level (%) - MALE"
2019,25.4164,"Completion rate, by sex, location, wealth quintile and education level (%) - MALE"
2019,5.3467,"Completion rate, by sex, location, wealth quintile and education level (%) - MALE"
2019,74.9785,"Completion rate, by sex, location, wealth quintile and education level (%) - MALE"
2019,13.7284,"Completion rate, by sex, location, wealth quintile and education level (%) - MALE"
2019,30.0305,"Completion rate, by sex, location, wealth quintile and education level (%) - MALE"
2019,53.5491,"Completion rate, by sex, location, wealth quintile and education level (%) - MALE"
2019,9.8328,"Completion rate, by sex, location, wealth quintile and education level (%) - MALE"
2019,36.0484,"Completion rate, by sex, location, wealth quintile and education level (%) - MALE"
2023,30.5649,"Completion rate, by sex, location, wealth quintile and education level (%) - MALE"
2023,14.0243,"Completion rate, by sex, location, wealth quintile and education level (%) - MALE"
2023,4.2559,"Completion rate, by sex, location, wealth quintile and education level (%) - MALE"
2023,35.9633,"Completion rate, by sex, location, wealth quintile and education level (%) - MALE"
2023,21.4735,"Completion rate, by sex, location, wealth quintile and education level (%) - MALE"
2023,73.2587,"Completion rate, by sex, location, wealth quintile and education level (%) - MALE"
2023,56.8457,"Completion rate, by sex, location, wealth quintile and education level (%) - MALE"
2023,39.8372,"Completion rate, by sex, location, wealth quintile and education level (%) - MALE"
2023,21.7992,"Completion rate, by sex, location, wealth quintile and education level (%) - MALE"
2023,37.1558,"Completion rate, by sex, location, wealth quintile and education level (%) - MALE"
2023,23.4142,"Completion rate, by sex, location, wealth quintile and education level (%) - MALE"
2023,39.1529,"Completion rate, by sex, location, wealth quintile and education level (%) - MALE"
2023,50.5941,"Completion rate, by sex, location, wealth quintile and education level (%) - MALE"
2023,49.3334,"Completion rate, by sex, location, wealth quintile and education level (%) - MALE"
2023,60.7125,"Completion rate, by sex, location, wealth quintile and education level (%) - MALE"
2023,47.3877,"Completion rate, by sex, location, wealth quintile and education level (%) - MALE"
2023,30.8123,"Completion rate, by sex, location, wealth quintile and education level (%) - MALE"
2023,4.5833,"Completion rate, by sex, location, wealth quintile and education level (%) - MALE"
2023,36.6575,"Completion rate, by sex, location, wealth quintile and education level (%) - MALE"
2023,20.9075,"Completion rate, by sex, location, wealth quintile and education level (%) - MALE"
2023,10.2406,"Completion rate, by sex, location, wealth quintile and education level (%) - MALE"
2023,43.095,"Completion rate, by sex, location, wealth quintile and education level (%) - MALE"
2023,54.5814,"Completion rate, by sex, location, wealth quintile and education level (%) - MALE"
2023,34.3815,"Completion rate, by sex, location, wealth quintile and education level (%) - MALE"
2023,4.2747,"Completion rate, by sex, location, wealth quintile and education level (%) - MALE"
2023,58.8238,"Completion rate, by sex, location, wealth quintile and education level (%) - MALE"
2023,30.274,"Completion rate, by sex, location, wealth quintile and education level (%) - MALE"
2023,18.3732,"Completion rate, by sex, location, wealth quintile and education level (%) - MALE"
2023,41.3478,"Completion rate, by sex, location, wealth quintile and education level (%) - MALE"
2023,35.1539,"Completion rate, by sex, location, wealth quintile and education level (%) - MALE"
2023,16.9192,"Completion rate, by sex, location, wealth quintile and education level (%) - MALE"
2023,18.6057,"Completion rate, by sex, location, wealth quintile and education level (%) - MALE"
2023,6.1738,"Completion rate, by sex, location, wealth quintile and education level (%) - MALE"
2023,22.9276,"Completion rate, by sex, location, wealth quintile and education level (%) - MALE"
2023,9.9657,"Completion rate, by sex, location, wealth quintile and education level (%) - MALE"
2023,55.8802,"Completion rate, by sex, location, wealth quintile and education level (%) - MALE"
2023,37.8931,"Completion rate, by sex, location, wealth quintile and education level (%) - MALE"
2023,55.3796,"Completion rate, by sex, location, wealth quintile and education level (%) - MALE"
2023,30.8245,"Completion rate, by sex, location, wealth quintile and education level (%) - MALE"
2023,16.3794,"Completion rate, by sex, location, wealth quintile and education level (%) - MALE"
2023,70.0298,"Completion rate, by sex, location, wealth quintile and education level (%) - MALE"
2023,17.6428,"Completion rate, by sex, location, wealth quintile and education level (%) - MALE"
2023,30.7883,"Completion rate, by sex, location, wealth quintile and education level (%) - MALE"
2023,14.2042,"Completion rate, by sex, location, wealth quintile and education level (%) - MALE"
2023,8.6229,"Completion rate, by sex, location, wealth quintile and education level (%) - MALE"
2023,48.5997,"Completion rate, by sex, location, wealth quintile and education level (%) - MALE"
2023,29.2365,"Completion rate, by sex, location, wealth quintile and education level (%) - MALE"
2023,11.3097,"Completion rate, by sex, location, wealth quintile and education level (%) - MALE"
2023,22.5239,"Completion rate, by sex, location, wealth quintile and education level (%) - MALE"
2023,13.348,"Completion rate, by sex, location, wealth quintile and education level (%) - MALE"
2023,7.5059,"Completion rate, by sex, location, wealth quintile and education level (%) - MALE"
2023,32.7372,"Completion rate, by sex, location, wealth quintile and education level (%) - MALE"
2023,45.6855,"Completion rate, by sex, location, wealth quintile and education level (%) - MALE"
